areaType,areaName,areaCode,date,newCasesBySpecimenDate,cumCasesBySpecimenDate,newFirstEpisodesBySpecimenDate,cumFirstEpisodesBySpecimenDate,newReinfectionsBySpecimenDate,cumReinfectionsBySpecimenDate
nation,Wales,W92000004,2023-05-04,,,192,,33,
nation,Wales,W92000004,2023-05-03,0,901398,0,856021,0,45377
nation,Wales,W92000004,2023-05-02,34,901398,30,856021,4,45377
nation,Wales,W92000004,2023-05-01,21,901364,19,855991,2,45373
nation,Wales,W92000004,2023-04-30,24,901343,18,855972,6,45371
nation,Wales,W92000004,2023-04-29,30,901319,23,855954,7,45365
nation,Wales,W92000004,2023-04-28,29,901289,27,855931,2,45358
nation,Wales,W92000004,2023-04-27,32,901260,28,855904,4,45356
nation,Wales,W92000004,2023-04-26,45,901228,38,855876,7,45352
nation,Wales,W92000004,2023-04-25,36,901183,32,855838,4,45345
nation,Wales,W92000004,2023-04-24,47,901147,42,855806,5,45341
nation,Wales,W92000004,2023-04-23,34,901100,30,855764,4,45336
nation,Wales,W92000004,2023-04-22,29,901066,26,855734,3,45332
nation,Wales,W92000004,2023-04-21,34,901037,29,855708,5,45329
nation,Wales,W92000004,2023-04-20,37,901003,32,855679,5,45324
nation,Wales,W92000004,2023-04-19,30,900966,24,855647,6,45319
nation,Wales,W92000004,2023-04-18,45,900936,37,855623,8,45313
nation,Wales,W92000004,2023-04-17,40,900891,35,855586,5,45305
nation,Wales,W92000004,2023-04-16,31,900851,26,855551,5,45300
nation,Wales,W92000004,2023-04-15,29,900820,23,855525,6,45295
nation,Wales,W92000004,2023-04-14,33,900791,29,855502,4,45289
nation,Wales,W92000004,2023-04-13,45,900758,39,855473,67,45285
nation,Wales,W92000004,2023-04-12,53,900713,48,855434,5,45279
nation,Wales,W92000004,2023-04-11,66,900660,55,855386,11,45274
nation,Wales,W92000004,2023-04-10,48,900594,36,855331,12,45263
nation,Wales,W92000004,2023-04-09,34,900546,29,855295,5,45251
nation,Wales,W92000004,2023-04-08,27,900512,19,855266,8,45246
nation,Wales,W92000004,2023-04-07,27,900485,23,855247,4,45238
nation,Wales,W92000004,2023-04-06,53,900458,36,855224,17,45234
nation,Wales,W92000004,2023-04-05,73,900405,64,855188,9,45217
nation,Wales,W92000004,2023-04-04,54,900332,43,855124,11,45208
nation,Wales,W92000004,2023-04-03,62,900278,41,855081,21,45197
nation,Wales,W92000004,2023-04-02,44,900216,36,855040,8,45176
nation,Wales,W92000004,2023-04-01,33,900172,21,855004,12,45168
nation,Wales,W92000004,2023-03-31,78,900139,62,854983,16,45156
nation,Wales,W92000004,2023-03-30,74,900061,56,854921,18,45140
nation,Wales,W92000004,2023-03-29,81,899987,63,854865,18,45122
nation,Wales,W92000004,2023-03-28,75,899906,54,854802,21,45104
nation,Wales,W92000004,2023-03-27,83,899831,66,854748,17,45083
nation,Wales,W92000004,2023-03-26,42,899748,33,854682,9,45066
nation,Wales,W92000004,2023-03-25,49,899706,37,854649,12,45057
nation,Wales,W92000004,2023-03-24,60,899657,49,854612,11,45045
nation,Wales,W92000004,2023-03-23,72,899597,51,854563,21,45034
nation,Wales,W92000004,2023-03-22,80,899525,66,854512,14,45013
nation,Wales,W92000004,2023-03-21,96,899445,69,854446,27,44999
nation,Wales,W92000004,2023-03-20,88,899349,65,854377,23,44972
nation,Wales,W92000004,2023-03-19,50,899261,40,854312,10,44949
nation,Wales,W92000004,2023-03-18,56,899211,39,854272,17,44939
nation,Wales,W92000004,2023-03-17,89,899155,64,854233,25,44922
nation,Wales,W92000004,2023-03-16,107,899066,83,854169,24,44897
nation,Wales,W92000004,2023-03-15,101,898959,81,854086,20,44873
nation,Wales,W92000004,2023-03-14,125,898858,99,854005,26,44853
nation,Wales,W92000004,2023-03-13,133,898733,105,853906,28,44827
nation,Wales,W92000004,2023-03-12,86,898600,71,853801,15,44799
nation,Wales,W92000004,2023-03-11,72,898514,59,853730,13,44784
nation,Wales,W92000004,2023-03-10,101,898442,77,853671,24,44771
nation,Wales,W92000004,2023-03-09,88,898341,65,853594,23,44747
nation,Wales,W92000004,2023-03-08,97,898253,76,853529,21,44724
nation,Wales,W92000004,2023-03-07,127,898156,94,853453,33,44703
nation,Wales,W92000004,2023-03-06,106,898029,90,853359,16,44670
nation,Wales,W92000004,2023-03-05,65,897923,51,853269,14,44654
nation,Wales,W92000004,2023-03-04,56,897858,45,853218,11,44640
nation,Wales,W92000004,2023-03-03,59,897802,44,853173,15,44629
nation,Wales,W92000004,2023-03-02,88,897743,67,853129,21,44614
nation,Wales,W92000004,2023-03-01,89,897655,69,853062,20,44593
nation,Wales,W92000004,2023-02-28,65,897566,52,852993,13,44573
nation,Wales,W92000004,2023-02-27,97,897501,71,852941,26,44560
nation,Wales,W92000004,2023-02-26,39,897404,30,852870,9,44534
nation,Wales,W92000004,2023-02-25,40,897365,31,852840,9,44525
nation,Wales,W92000004,2023-02-24,63,897325,52,852809,11,44516
nation,Wales,W92000004,2023-02-23,72,897262,53,852757,19,44505
nation,Wales,W92000004,2023-02-22,64,897190,45,852704,19,44486
nation,Wales,W92000004,2023-02-21,67,897126,55,852659,12,44467
nation,Wales,W92000004,2023-02-20,70,897059,54,852604,16,44455
nation,Wales,W92000004,2023-02-19,49,896989,33,852550,16,44439
nation,Wales,W92000004,2023-02-18,49,896940,32,852517,17,44423
nation,Wales,W92000004,2023-02-17,76,896891,54,852485,22,44406
nation,Wales,W92000004,2023-02-16,67,896815,47,852431,20,44384
nation,Wales,W92000004,2023-02-15,92,896748,72,852384,20,44364
nation,Wales,W92000004,2023-02-14,77,896656,51,852312,26,44344
nation,Wales,W92000004,2023-02-13,49,896579,36,852261,13,44318
nation,Wales,W92000004,2023-02-12,41,896530,28,852225,13,44305
nation,Wales,W92000004,2023-02-11,37,896489,29,852197,8,44292
nation,Wales,W92000004,2023-02-10,50,896452,39,852168,11,44284
nation,Wales,W92000004,2023-02-09,57,896402,45,852129,12,44273
nation,Wales,W92000004,2023-02-08,67,896345,49,852084,18,44261
nation,Wales,W92000004,2023-02-07,58,896278,41,852035,17,44243
nation,Wales,W92000004,2023-02-06,74,896220,56,851994,18,44226
nation,Wales,W92000004,2023-02-05,38,896146,33,851938,5,44208
nation,Wales,W92000004,2023-02-04,25,896108,16,851905,9,44203
nation,Wales,W92000004,2023-02-03,46,896083,31,851889,15,44194
nation,Wales,W92000004,2023-02-02,56,896037,40,851858,84,44179
nation,Wales,W92000004,2023-02-01,60,895981,40,851818,20,44163
nation,Wales,W92000004,2023-01-31,61,895921,41,851778,20,44143
nation,Wales,W92000004,2023-01-30,66,895860,44,851737,22,44123
nation,Wales,W92000004,2023-01-29,25,895794,17,851693,8,44101
nation,Wales,W92000004,2023-01-28,19,895769,10,851676,9,44093
nation,Wales,W92000004,2023-01-27,37,895750,27,851666,10,44084
nation,Wales,W92000004,2023-01-26,47,895713,33,851639,51,44074
nation,Wales,W92000004,2023-01-25,52,895666,45,851606,7,44060
nation,Wales,W92000004,2023-01-24,38,895614,27,851561,11,44053
nation,Wales,W92000004,2023-01-23,46,895576,31,851534,15,44042
nation,Wales,W92000004,2023-01-22,24,895530,22,851503,2,44027
nation,Wales,W92000004,2023-01-21,15,895506,10,851481,5,44025
nation,Wales,W92000004,2023-01-20,38,895491,30,851471,8,44020
nation,Wales,W92000004,2023-01-19,60,895453,56,851441,59,44012
nation,Wales,W92000004,2023-01-18,47,895393,40,851385,7,44008
nation,Wales,W92000004,2023-01-17,40,895346,32,851345,8,44001
nation,Wales,W92000004,2023-01-16,47,895306,34,851313,13,43993
nation,Wales,W92000004,2023-01-15,22,895259,17,851279,5,43980
nation,Wales,W92000004,2023-01-14,31,895237,27,851262,4,43975
nation,Wales,W92000004,2023-01-13,36,895206,29,851235,7,43971
nation,Wales,W92000004,2023-01-12,57,895170,45,851206,124,43964
nation,Wales,W92000004,2023-01-11,38,895113,33,851161,5,43952
nation,Wales,W92000004,2023-01-10,71,895075,55,851128,16,43947
nation,Wales,W92000004,2023-01-09,59,895004,39,851073,20,43931
nation,Wales,W92000004,2023-01-08,48,894945,37,851034,11,43911
nation,Wales,W92000004,2023-01-07,41,894897,32,850997,9,43900
nation,Wales,W92000004,2023-01-06,76,894856,58,850965,18,43891
nation,Wales,W92000004,2023-01-05,93,894780,70,850907,265,43873
nation,Wales,W92000004,2023-01-04,102,894687,82,850837,20,43850
nation,Wales,W92000004,2023-01-03,112,894585,87,850755,25,43830
nation,Wales,W92000004,2023-01-02,89,894473,65,850668,24,43805
nation,Wales,W92000004,2023-01-01,60,894384,48,850603,12,43781
nation,Wales,W92000004,2022-12-31,89,894324,75,850555,14,43769
nation,Wales,W92000004,2022-12-30,149,894235,101,850480,48,43755
nation,Wales,W92000004,2022-12-29,196,894086,630,850379,60,43707
nation,Wales,W92000004,2022-12-28,176,893890,118,850243,58,43647
nation,Wales,W92000004,2022-12-27,153,893714,104,850125,49,43589
nation,Wales,W92000004,2022-12-26,101,893561,74,850021,27,43540
nation,Wales,W92000004,2022-12-25,32,893460,27,849947,5,43513
nation,Wales,W92000004,2022-12-24,69,893428,53,849920,16,43508
nation,Wales,W92000004,2022-12-23,112,893359,80,849867,32,43492
nation,Wales,W92000004,2022-12-22,179,893247,821,849787,43,43460
nation,Wales,W92000004,2022-12-21,190,893068,124,849651,66,43417
nation,Wales,W92000004,2022-12-20,207,892878,152,849527,55,43351
nation,Wales,W92000004,2022-12-19,234,892671,159,849375,75,43296
nation,Wales,W92000004,2022-12-18,130,892437,93,849216,37,43221
nation,Wales,W92000004,2022-12-17,118,892307,84,849123,34,43184
nation,Wales,W92000004,2022-12-16,185,892189,138,849039,47,43150
nation,Wales,W92000004,2022-12-15,141,892004,594,848901,39,43103
nation,Wales,W92000004,2022-12-14,163,891863,118,848799,45,43064
nation,Wales,W92000004,2022-12-13,166,891700,119,848681,47,43019
nation,Wales,W92000004,2022-12-12,195,891534,150,848562,45,42972
nation,Wales,W92000004,2022-12-11,92,891339,72,848412,20,42927
nation,Wales,W92000004,2022-12-10,55,891247,40,848340,15,42907
nation,Wales,W92000004,2022-12-09,102,891192,75,848300,27,42892
nation,Wales,W92000004,2022-12-08,102,891090,71,848225,31,42865
nation,Wales,W92000004,2022-12-07,135,890988,103,848154,32,42834
nation,Wales,W92000004,2022-12-06,103,890853,77,848051,26,42802
nation,Wales,W92000004,2022-12-05,124,890750,95,847974,29,42776
nation,Wales,W92000004,2022-12-04,58,890626,50,847879,8,42747
nation,Wales,W92000004,2022-12-03,53,890568,36,847829,17,42739
nation,Wales,W92000004,2022-12-02,52,890515,41,847793,11,42722
nation,Wales,W92000004,2022-12-01,62,890463,46,847752,99,42711
nation,Wales,W92000004,2022-11-30,89,890401,58,847706,31,42695
nation,Wales,W92000004,2022-11-29,89,890312,63,847648,26,42664
nation,Wales,W92000004,2022-11-28,71,890223,55,847585,16,42638
nation,Wales,W92000004,2022-11-27,28,890152,22,847530,6,42622
nation,Wales,W92000004,2022-11-26,48,890124,32,847508,16,42616
nation,Wales,W92000004,2022-11-25,34,890076,26,847476,8,42600
nation,Wales,W92000004,2022-11-24,45,890042,31,847450,50,42592
nation,Wales,W92000004,2022-11-23,47,889997,39,847419,8,42578
nation,Wales,W92000004,2022-11-22,56,889950,41,847380,15,42570
nation,Wales,W92000004,2022-11-21,52,889894,40,847339,12,42555
nation,Wales,W92000004,2022-11-20,34,889842,30,847299,4,42543
nation,Wales,W92000004,2022-11-19,27,889808,22,847269,5,42539
nation,Wales,W92000004,2022-11-18,40,889781,34,847247,6,42534
nation,Wales,W92000004,2022-11-17,52,889741,44,847213,8,42528
nation,Wales,W92000004,2022-11-16,36,889689,27,847169,9,42520
nation,Wales,W92000004,2022-11-15,46,889653,37,847142,9,42511
nation,Wales,W92000004,2022-11-14,57,889607,41,847105,16,42502
nation,Wales,W92000004,2022-11-13,27,889550,21,847064,6,42486
nation,Wales,W92000004,2022-11-12,30,889523,26,847043,4,42480
nation,Wales,W92000004,2022-11-11,40,889493,29,847017,11,42476
nation,Wales,W92000004,2022-11-10,41,889453,33,846988,8,42465
nation,Wales,W92000004,2022-11-09,40,889412,34,846955,6,42457
nation,Wales,W92000004,2022-11-08,53,889372,44,846921,9,42451
nation,Wales,W92000004,2022-11-07,48,889319,41,846877,7,42442
nation,Wales,W92000004,2022-11-06,46,889271,38,846836,8,42435
nation,Wales,W92000004,2022-11-05,29,889225,22,846798,7,42427
nation,Wales,W92000004,2022-11-04,38,889196,32,846776,6,42420
nation,Wales,W92000004,2022-11-03,52,889158,384,846744,91,42414
nation,Wales,W92000004,2022-11-02,59,889106,37,846706,22,42400
nation,Wales,W92000004,2022-11-01,52,889047,33,846669,19,42378
nation,Wales,W92000004,2022-10-31,62,888995,53,846636,9,42359
nation,Wales,W92000004,2022-10-30,65,888933,56,846583,9,42350
nation,Wales,W92000004,2022-10-29,49,888868,42,846527,7,42341
nation,Wales,W92000004,2022-10-28,79,888819,64,846485,15,42334
nation,Wales,W92000004,2022-10-27,80,888740,59,846421,21,42319
nation,Wales,W92000004,2022-10-26,83,888660,71,846362,12,42298
nation,Wales,W92000004,2022-10-25,76,888577,67,846291,9,42286
nation,Wales,W92000004,2022-10-24,100,888501,75,846224,25,42277
nation,Wales,W92000004,2022-10-23,54,888401,44,846149,10,42252
nation,Wales,W92000004,2022-10-22,60,888347,51,846105,9,42242
nation,Wales,W92000004,2022-10-21,85,888287,68,846054,17,42233
nation,Wales,W92000004,2022-10-20,96,888202,71,845986,25,42216
nation,Wales,W92000004,2022-10-19,110,888106,92,845915,18,42191
nation,Wales,W92000004,2022-10-18,94,887996,75,845823,19,42173
nation,Wales,W92000004,2022-10-17,125,887902,97,845748,28,42154
nation,Wales,W92000004,2022-10-16,74,887777,59,845651,15,42126
nation,Wales,W92000004,2022-10-15,98,887703,78,845592,20,42111
nation,Wales,W92000004,2022-10-14,133,887605,99,845514,34,42091
nation,Wales,W92000004,2022-10-13,114,887472,94,845415,20,42057
nation,Wales,W92000004,2022-10-12,112,887358,95,845321,17,42037
nation,Wales,W92000004,2022-10-11,139,887246,114,845226,25,42020
nation,Wales,W92000004,2022-10-10,139,887107,106,845112,33,41995
nation,Wales,W92000004,2022-10-09,89,886968,79,845006,10,41962
nation,Wales,W92000004,2022-10-08,74,886879,62,844927,12,41952
nation,Wales,W92000004,2022-10-07,124,886805,98,844865,26,41940
nation,Wales,W92000004,2022-10-06,92,886681,75,844767,17,41914
nation,Wales,W92000004,2022-10-05,109,886589,80,844692,29,41897
nation,Wales,W92000004,2022-10-04,115,886480,93,844612,22,41868
nation,Wales,W92000004,2022-10-03,146,886365,120,844519,26,41846
nation,Wales,W92000004,2022-10-02,96,886219,79,844399,17,41820
nation,Wales,W92000004,2022-10-01,76,886123,66,844320,10,41803
nation,Wales,W92000004,2022-09-30,111,886047,93,844254,18,41793
nation,Wales,W92000004,2022-09-29,95,885936,75,844161,20,41775
nation,Wales,W92000004,2022-09-28,117,885841,93,844086,24,41755
nation,Wales,W92000004,2022-09-27,114,885724,88,843993,26,41731
nation,Wales,W92000004,2022-09-26,91,885610,77,843905,14,41705
nation,Wales,W92000004,2022-09-25,67,885519,57,843828,10,41691
nation,Wales,W92000004,2022-09-24,71,885452,59,843771,12,41681
nation,Wales,W92000004,2022-09-23,78,885381,61,843712,17,41669
nation,Wales,W92000004,2022-09-22,76,885303,61,843651,50,41652
nation,Wales,W92000004,2022-09-21,82,885227,67,843590,15,41637
nation,Wales,W92000004,2022-09-20,92,885145,77,843523,15,41622
nation,Wales,W92000004,2022-09-19,54,885053,42,843446,12,41607
nation,Wales,W92000004,2022-09-18,38,884999,29,843404,9,41595
nation,Wales,W92000004,2022-09-17,28,884961,25,843375,3,41586
nation,Wales,W92000004,2022-09-16,39,884933,33,843350,6,41583
nation,Wales,W92000004,2022-09-15,42,884894,39,843317,37,41577
nation,Wales,W92000004,2022-09-14,42,884852,36,843278,6,41574
nation,Wales,W92000004,2022-09-13,62,884810,50,843242,12,41568
nation,Wales,W92000004,2022-09-12,61,884748,53,843192,8,41556
nation,Wales,W92000004,2022-09-11,28,884687,27,843139,1,41548
nation,Wales,W92000004,2022-09-10,31,884659,27,843112,4,41547
nation,Wales,W92000004,2022-09-09,49,884628,39,843085,10,41543
nation,Wales,W92000004,2022-09-08,43,884579,40,843046,46,41533
nation,Wales,W92000004,2022-09-07,26,884536,23,843006,3,41530
nation,Wales,W92000004,2022-09-06,40,884510,30,842983,10,41527
nation,Wales,W92000004,2022-09-05,47,884470,41,842953,6,41517
nation,Wales,W92000004,2022-09-04,54,884423,48,842912,6,41511
nation,Wales,W92000004,2022-09-03,48,884369,43,842864,5,41505
nation,Wales,W92000004,2022-09-02,45,884321,41,842821,4,41500
nation,Wales,W92000004,2022-09-01,53,884276,48,842780,5,41496
nation,Wales,W92000004,2022-08-31,64,884223,52,842732,12,41491
nation,Wales,W92000004,2022-08-30,60,884159,51,842680,9,41479
nation,Wales,W92000004,2022-08-29,31,884099,28,842629,3,41470
nation,Wales,W92000004,2022-08-28,30,884068,27,842601,3,41467
nation,Wales,W92000004,2022-08-27,34,884038,28,842574,6,41464
nation,Wales,W92000004,2022-08-26,31,884004,25,842546,6,41458
nation,Wales,W92000004,2022-08-25,42,883973,35,842521,7,41452
nation,Wales,W92000004,2022-08-24,50,883931,46,842486,4,41445
nation,Wales,W92000004,2022-08-23,52,883881,41,842440,11,41441
nation,Wales,W92000004,2022-08-22,58,883829,52,842399,6,41430
nation,Wales,W92000004,2022-08-21,45,883771,38,842347,7,41424
nation,Wales,W92000004,2022-08-20,29,883726,25,842309,4,41417
nation,Wales,W92000004,2022-08-19,56,883697,44,842284,12,41413
nation,Wales,W92000004,2022-08-18,43,883641,439,842240,82,41401
nation,Wales,W92000004,2022-08-17,42,883598,37,842202,5,41396
nation,Wales,W92000004,2022-08-16,93,883556,78,842165,15,41391
nation,Wales,W92000004,2022-08-15,97,883463,78,842087,19,41376
nation,Wales,W92000004,2022-08-14,43,883366,39,842009,4,41357
nation,Wales,W92000004,2022-08-13,55,883323,42,841970,13,41353
nation,Wales,W92000004,2022-08-12,73,883268,67,841928,6,41340
nation,Wales,W92000004,2022-08-11,81,883195,72,841861,9,41334
nation,Wales,W92000004,2022-08-10,75,883114,62,841789,13,41325
nation,Wales,W92000004,2022-08-09,70,883039,62,841727,8,41312
nation,Wales,W92000004,2022-08-08,87,882969,73,841665,14,41304
nation,Wales,W92000004,2022-08-07,48,882882,45,841592,3,41290
nation,Wales,W92000004,2022-08-06,60,882834,49,841547,11,41287
nation,Wales,W92000004,2022-08-05,63,882774,53,841498,10,41276
nation,Wales,W92000004,2022-08-04,72,882711,63,841445,92,41266
nation,Wales,W92000004,2022-08-03,61,882639,45,841382,16,41257
nation,Wales,W92000004,2022-08-02,93,882578,71,841337,22,41241
nation,Wales,W92000004,2022-08-01,106,882485,89,841266,17,41219
nation,Wales,W92000004,2022-07-31,46,882379,41,841177,5,41202
nation,Wales,W92000004,2022-07-30,68,882333,57,841136,11,41197
nation,Wales,W92000004,2022-07-29,82,882265,71,841079,11,41186
nation,Wales,W92000004,2022-07-28,79,882183,60,841008,19,41175
nation,Wales,W92000004,2022-07-27,73,882104,64,840948,9,41156
nation,Wales,W92000004,2022-07-26,90,882031,73,840884,17,41147
nation,Wales,W92000004,2022-07-25,127,881941,111,840811,16,41130
nation,Wales,W92000004,2022-07-24,72,881814,61,840700,11,41114
nation,Wales,W92000004,2022-07-23,69,881742,55,840639,14,41103
nation,Wales,W92000004,2022-07-22,107,881673,88,840584,19,41089
nation,Wales,W92000004,2022-07-21,109,881566,89,840496,20,41070
nation,Wales,W92000004,2022-07-20,137,881457,112,840407,25,41050
nation,Wales,W92000004,2022-07-19,132,881320,114,840295,18,41025
nation,Wales,W92000004,2022-07-18,148,881188,125,840181,23,41007
nation,Wales,W92000004,2022-07-17,93,881040,76,840056,17,40984
nation,Wales,W92000004,2022-07-16,78,880947,68,839980,10,40967
nation,Wales,W92000004,2022-07-15,145,880869,130,839912,15,40957
nation,Wales,W92000004,2022-07-14,119,880724,97,839782,252,40942
nation,Wales,W92000004,2022-07-13,180,880605,147,839685,33,40920
nation,Wales,W92000004,2022-07-12,196,880425,150,839538,46,40887
nation,Wales,W92000004,2022-07-11,279,880229,237,839388,42,40841
nation,Wales,W92000004,2022-07-10,142,879950,121,839151,21,40799
nation,Wales,W92000004,2022-07-09,168,879808,135,839030,33,40778
nation,Wales,W92000004,2022-07-08,229,879640,192,838895,37,40745
nation,Wales,W92000004,2022-07-07,206,879411,176,838703,30,40708
nation,Wales,W92000004,2022-07-06,217,879205,172,838527,45,40678
nation,Wales,W92000004,2022-07-05,302,878988,252,838355,50,40633
nation,Wales,W92000004,2022-07-04,295,878686,246,838103,49,40583
nation,Wales,W92000004,2022-07-03,117,878391,98,837857,19,40534
nation,Wales,W92000004,2022-07-02,130,878274,118,837759,12,40515
nation,Wales,W92000004,2022-07-01,181,878144,144,837641,37,40503
nation,Wales,W92000004,2022-06-30,210,877963,179,837497,31,40466
nation,Wales,W92000004,2022-06-29,217,877753,173,837318,44,40435
nation,Wales,W92000004,2022-06-28,207,877536,180,837145,27,40391
nation,Wales,W92000004,2022-06-27,227,877329,191,836965,36,40364
nation,Wales,W92000004,2022-06-26,135,877102,120,836774,15,40328
nation,Wales,W92000004,2022-06-25,108,876967,86,836654,22,40313
nation,Wales,W92000004,2022-06-24,178,876859,148,836568,30,40291
nation,Wales,W92000004,2022-06-23,167,876681,695,836420,26,40261
nation,Wales,W92000004,2022-06-22,164,876514,146,836279,18,40235
nation,Wales,W92000004,2022-06-21,177,876350,148,836133,29,40217
nation,Wales,W92000004,2022-06-20,173,876173,146,835985,27,40188
nation,Wales,W92000004,2022-06-19,79,876000,71,835839,8,40161
nation,Wales,W92000004,2022-06-18,84,875921,77,835768,7,40153
nation,Wales,W92000004,2022-06-17,117,875837,105,835691,12,40146
nation,Wales,W92000004,2022-06-16,93,875720,80,835586,69,40134
nation,Wales,W92000004,2022-06-15,93,875627,79,835506,14,40121
nation,Wales,W92000004,2022-06-14,92,875534,87,835427,5,40107
nation,Wales,W92000004,2022-06-13,105,875442,84,835340,21,40102
nation,Wales,W92000004,2022-06-12,56,875337,50,835256,6,40081
nation,Wales,W92000004,2022-06-11,56,875281,51,835206,5,40075
nation,Wales,W92000004,2022-06-10,61,875225,51,835155,10,40070
nation,Wales,W92000004,2022-06-09,49,875164,39,835104,53,40060
nation,Wales,W92000004,2022-06-08,66,875115,53,835065,13,40050
nation,Wales,W92000004,2022-06-07,70,875049,57,835012,13,40037
nation,Wales,W92000004,2022-06-06,74,874979,61,834955,13,40024
nation,Wales,W92000004,2022-06-05,37,874905,32,834894,5,40011
nation,Wales,W92000004,2022-06-04,35,874868,29,834862,6,40006
nation,Wales,W92000004,2022-06-03,51,874833,43,834833,8,40000
nation,Wales,W92000004,2022-06-02,27,874782,25,834790,2,39992
nation,Wales,W92000004,2022-06-01,54,874755,49,834765,5,39990
nation,Wales,W92000004,2022-05-31,30,874701,24,834716,6,39985
nation,Wales,W92000004,2022-05-30,33,874671,29,834692,4,39979
nation,Wales,W92000004,2022-05-29,34,874638,29,834663,5,39975
nation,Wales,W92000004,2022-05-28,27,874604,22,834634,5,39970
nation,Wales,W92000004,2022-05-27,45,874577,35,834612,10,39965
nation,Wales,W92000004,2022-05-26,35,874532,31,834577,4,78677
nation,Wales,W92000004,2022-05-25,55,874497,46,834546,9,39951
nation,Wales,W92000004,2022-05-24,54,874442,47,834500,7,39942
nation,Wales,W92000004,2022-05-23,52,874388,37,834453,15,39935
nation,Wales,W92000004,2022-05-22,30,874336,23,834416,7,39920
nation,Wales,W92000004,2022-05-21,29,874306,23,834393,6,39913
nation,Wales,W92000004,2022-05-20,27,874277,22,834370,5,39907
nation,Wales,W92000004,2022-05-19,51,874250,37,834348,14,39902
nation,Wales,W92000004,2022-05-18,68,874199,55,834311,13,39888
nation,Wales,W92000004,2022-05-17,73,874131,63,834256,10,39875
nation,Wales,W92000004,2022-05-16,67,874058,56,834193,11,39865
nation,Wales,W92000004,2022-05-15,40,873991,32,834137,8,39854
nation,Wales,W92000004,2022-05-14,46,873951,34,834105,12,39846
nation,Wales,W92000004,2022-05-13,67,873905,61,834071,6,39834
nation,Wales,W92000004,2022-05-12,62,873838,60,834010,2,39828
nation,Wales,W92000004,2022-05-11,78,873776,64,833950,14,39826
nation,Wales,W92000004,2022-05-10,90,873698,74,833886,16,39812
nation,Wales,W92000004,2022-05-09,99,873608,86,833812,13,39796
nation,Wales,W92000004,2022-05-08,59,873509,51,833726,8,39783
nation,Wales,W92000004,2022-05-07,69,873450,59,833675,10,39775
nation,Wales,W92000004,2022-05-06,128,873381,114,833616,14,39765
nation,Wales,W92000004,2022-05-05,113,873253,100,833502,13,39751
nation,Wales,W92000004,2022-05-04,123,873140,107,833402,16,39738
nation,Wales,W92000004,2022-05-03,154,873017,138,833295,16,39722
nation,Wales,W92000004,2022-05-02,80,872863,69,833157,11,39706
nation,Wales,W92000004,2022-05-01,76,872783,66,833088,10,39695
nation,Wales,W92000004,2022-04-30,73,872707,62,833022,11,39685
nation,Wales,W92000004,2022-04-29,92,872634,77,832960,15,39674
nation,Wales,W92000004,2022-04-28,138,872542,115,832883,23,39659
nation,Wales,W92000004,2022-04-27,115,872404,100,832768,15,39636
nation,Wales,W92000004,2022-04-26,150,872289,131,832668,19,39621
nation,Wales,W92000004,2022-04-25,148,872139,127,832537,21,39602
nation,Wales,W92000004,2022-04-24,109,871991,92,832410,17,39581
nation,Wales,W92000004,2022-04-23,112,871882,100,832318,12,39564
nation,Wales,W92000004,2022-04-22,154,871770,135,832218,19,39552
nation,Wales,W92000004,2022-04-21,136,871616,114,832083,22,39533
nation,Wales,W92000004,2022-04-20,163,871480,146,831969,17,39511
nation,Wales,W92000004,2022-04-19,214,871317,187,831823,27,39494
nation,Wales,W92000004,2022-04-18,184,871103,157,831636,27,39467
nation,Wales,W92000004,2022-04-17,167,870919,141,831479,26,39440
nation,Wales,W92000004,2022-04-16,140,870752,122,831338,18,39414
nation,Wales,W92000004,2022-04-15,150,870612,128,831216,22,39396
nation,Wales,W92000004,2022-04-14,233,870462,205,831088,28,39374
nation,Wales,W92000004,2022-04-13,254,870229,220,830883,34,39346
nation,Wales,W92000004,2022-04-12,277,869975,247,830663,30,39312
nation,Wales,W92000004,2022-04-11,319,869698,266,830416,53,39282
nation,Wales,W92000004,2022-04-10,207,869379,184,830150,23,39229
nation,Wales,W92000004,2022-04-09,196,869172,157,829966,39,39206
nation,Wales,W92000004,2022-04-08,314,868976,260,829809,54,39167
nation,Wales,W92000004,2022-04-07,341,868662,287,829549,54,39113
nation,Wales,W92000004,2022-04-06,367,868321,309,829262,58,39059
nation,Wales,W92000004,2022-04-05,463,867954,398,828953,65,39001
nation,Wales,W92000004,2022-04-04,473,867491,398,828555,75,38936
nation,Wales,W92000004,2022-04-03,256,867018,224,828157,32,38861
nation,Wales,W92000004,2022-04-02,318,866762,273,827933,45,38829
nation,Wales,W92000004,2022-04-01,524,866444,451,827660,73,38784
nation,Wales,W92000004,2022-03-31,1025,865920,917,827209,108,38711
nation,Wales,W92000004,2022-03-30,1380,864895,1198,826292,182,38603
nation,Wales,W92000004,2022-03-29,1473,863515,1253,825094,220,38421
nation,Wales,W92000004,2022-03-28,1957,862042,1682,823841,275,38201
nation,Wales,W92000004,2022-03-27,1173,860085,1019,822159,154,37926
nation,Wales,W92000004,2022-03-26,1288,858912,1130,821140,158,37772
nation,Wales,W92000004,2022-03-25,1923,857624,1662,820010,261,37614
nation,Wales,W92000004,2022-03-24,2063,855701,1790,818348,273,37353
nation,Wales,W92000004,2022-03-23,2489,853638,2154,816558,335,37080
nation,Wales,W92000004,2022-03-22,2502,851149,2114,814404,388,36745
nation,Wales,W92000004,2022-03-21,2898,848647,2464,812290,434,36357
nation,Wales,W92000004,2022-03-20,1465,845749,1277,809826,188,35923
nation,Wales,W92000004,2022-03-19,1399,844284,1235,808549,164,35735
nation,Wales,W92000004,2022-03-18,1810,842885,1569,807314,241,35571
nation,Wales,W92000004,2022-03-17,2075,841075,1770,805745,305,35330
nation,Wales,W92000004,2022-03-16,2306,839000,1976,803975,330,35025
nation,Wales,W92000004,2022-03-15,2396,836694,2043,801999,353,34695
nation,Wales,W92000004,2022-03-14,2471,834298,2150,799956,321,34342
nation,Wales,W92000004,2022-03-13,1284,831827,1106,797806,178,34021
nation,Wales,W92000004,2022-03-12,1147,830543,992,796700,155,33843
nation,Wales,W92000004,2022-03-11,1388,829396,1220,795708,168,33688
nation,Wales,W92000004,2022-03-10,1501,828008,1308,794488,193,33520
nation,Wales,W92000004,2022-03-09,1569,826507,1359,793180,210,33327
nation,Wales,W92000004,2022-03-08,1492,824938,1294,791821,198,33117
nation,Wales,W92000004,2022-03-07,1494,823446,1270,790527,224,32919
nation,Wales,W92000004,2022-03-06,855,821952,758,789257,97,32695
nation,Wales,W92000004,2022-03-05,787,821097,699,788499,88,32598
nation,Wales,W92000004,2022-03-04,832,820310,743,787800,89,32510
nation,Wales,W92000004,2022-03-03,1052,819478,927,787057,125,32421
nation,Wales,W92000004,2022-03-02,1055,818426,919,786130,136,32296
nation,Wales,W92000004,2022-03-01,983,817371,872,785211,111,32160
nation,Wales,W92000004,2022-02-28,999,816388,884,784339,115,32049
nation,Wales,W92000004,2022-02-27,589,815389,517,783455,72,31934
nation,Wales,W92000004,2022-02-26,499,814800,449,782938,50,31862
nation,Wales,W92000004,2022-02-25,617,814301,549,782489,68,31812
nation,Wales,W92000004,2022-02-24,708,813684,630,781940,78,31744
nation,Wales,W92000004,2022-02-23,858,812976,755,781310,103,31666
nation,Wales,W92000004,2022-02-22,823,812118,712,780555,111,31563
nation,Wales,W92000004,2022-02-21,1087,811295,961,779843,126,31452
nation,Wales,W92000004,2022-02-20,559,810208,487,778882,72,31326
nation,Wales,W92000004,2022-02-19,842,809649,748,778395,94,31254
nation,Wales,W92000004,2022-02-18,278,808807,249,777647,29,31160
nation,Wales,W92000004,2022-02-17,968,808529,856,777398,112,31131
nation,Wales,W92000004,2022-02-16,1251,807561,1109,776542,142,31019
nation,Wales,W92000004,2022-02-15,1272,806310,1118,775433,154,30877
nation,Wales,W92000004,2022-02-14,1450,805038,1285,774315,165,30723
nation,Wales,W92000004,2022-02-13,855,803588,761,773030,94,30558
nation,Wales,W92000004,2022-02-12,792,802733,704,772269,88,30464
nation,Wales,W92000004,2022-02-11,1071,801941,954,771565,117,30376
nation,Wales,W92000004,2022-02-10,1380,800870,1246,770611,134,30259
nation,Wales,W92000004,2022-02-09,1649,799490,1452,769365,197,30125
nation,Wales,W92000004,2022-02-08,1815,797841,1574,767913,241,29928
nation,Wales,W92000004,2022-02-07,1953,796026,1720,766339,233,29687
nation,Wales,W92000004,2022-02-06,1147,794073,1015,764619,132,29454
nation,Wales,W92000004,2022-02-05,1095,792926,959,763604,136,29322
nation,Wales,W92000004,2022-02-04,1661,791831,1467,762645,194,29186
nation,Wales,W92000004,2022-02-03,1770,790170,1570,761178,200,28992
nation,Wales,W92000004,2022-02-02,2276,788400,2024,759608,252,28792
nation,Wales,W92000004,2022-02-01,2457,786124,2104,757584,353,28540
nation,Wales,W92000004,2022-01-31,2648,783667,2301,755480,347,28187
nation,Wales,W92000004,2022-01-30,1544,781019,1351,753179,193,27840
nation,Wales,W92000004,2022-01-29,1582,779475,1417,751828,165,27647
nation,Wales,W92000004,2022-01-28,2140,777893,1879,750411,261,27482
nation,Wales,W92000004,2022-01-27,2461,775753,2139,748532,322,27221
nation,Wales,W92000004,2022-01-26,2926,773292,2534,746393,392,26899
nation,Wales,W92000004,2022-01-25,2944,770366,2552,743859,392,26507
nation,Wales,W92000004,2022-01-24,3300,767422,2883,741307,417,26115
nation,Wales,W92000004,2022-01-23,2047,764122,1773,738424,274,25698
nation,Wales,W92000004,2022-01-22,1867,762075,1677,736651,190,25424
nation,Wales,W92000004,2022-01-21,2351,760208,2078,734974,273,25234
nation,Wales,W92000004,2022-01-20,2437,757857,2119,732896,318,24961
nation,Wales,W92000004,2022-01-19,2484,755420,2162,730777,322,24643
nation,Wales,W92000004,2022-01-18,2603,752936,2276,728615,327,24321
nation,Wales,W92000004,2022-01-17,2958,750333,2602,726339,356,23994
nation,Wales,W92000004,2022-01-16,1783,747375,1583,723737,200,23638
nation,Wales,W92000004,2022-01-15,1483,745592,1323,722154,160,23438
nation,Wales,W92000004,2022-01-14,1945,744109,1697,720831,248,23278
nation,Wales,W92000004,2022-01-13,2100,742164,1884,719134,216,23030
nation,Wales,W92000004,2022-01-12,2406,740064,2137,717250,269,22814
nation,Wales,W92000004,2022-01-11,2733,737658,2413,715113,320,22545
nation,Wales,W92000004,2022-01-10,3596,734925,3253,712700,343,22225
nation,Wales,W92000004,2022-01-09,2180,731329,1978,709447,202,21882
nation,Wales,W92000004,2022-01-08,2465,729149,2235,707469,230,21680
nation,Wales,W92000004,2022-01-07,3367,726684,3024,705234,343,21450
nation,Wales,W92000004,2022-01-06,4714,723317,4219,702210,495,21107
nation,Wales,W92000004,2022-01-05,8991,718603,8159,697991,832,20612
nation,Wales,W92000004,2022-01-04,12452,709612,11350,689832,1102,19780
nation,Wales,W92000004,2022-01-03,9457,697160,8633,678482,824,18678
nation,Wales,W92000004,2022-01-02,9855,687703,8978,669849,877,17854
nation,Wales,W92000004,2022-01-01,6224,677848,5745,660871,479,16977
nation,Wales,W92000004,2021-12-31,9912,671624,9101,655126,811,16498
nation,Wales,W92000004,2021-12-30,12832,661712,11762,646025,1070,15687
nation,Wales,W92000004,2021-12-29,16252,648880,15036,634263,1216,14617
nation,Wales,W92000004,2021-12-28,13615,632628,12635,619227,980,13401
nation,Wales,W92000004,2021-12-27,13373,619013,12407,606592,966,12421
nation,Wales,W92000004,2021-12-26,6364,605640,5900,594185,464,11455
nation,Wales,W92000004,2021-12-25,2940,599276,2748,588285,192,10991
nation,Wales,W92000004,2021-12-24,5718,596336,5315,585537,403,10799
nation,Wales,W92000004,2021-12-23,6878,590618,6367,580222,511,10396
nation,Wales,W92000004,2021-12-22,7134,583740,6597,573855,537,9885
nation,Wales,W92000004,2021-12-21,6326,576606,5919,567258,407,9348
nation,Wales,W92000004,2021-12-20,5027,570280,4726,561339,301,8941
nation,Wales,W92000004,2021-12-19,2928,565253,2768,556613,160,8640
nation,Wales,W92000004,2021-12-18,2772,562325,2645,553845,127,8480
nation,Wales,W92000004,2021-12-17,3216,559553,3044,551200,172,8353
nation,Wales,W92000004,2021-12-16,3596,556337,3417,548156,179,8181
nation,Wales,W92000004,2021-12-15,3606,552741,3456,544739,150,8002
nation,Wales,W92000004,2021-12-14,3302,549135,3172,541283,130,7852
nation,Wales,W92000004,2021-12-13,2937,545833,2826,538111,111,7722
nation,Wales,W92000004,2021-12-12,1943,542896,1899,535285,44,7611
nation,Wales,W92000004,2021-12-11,1896,540953,1857,533386,39,7567
nation,Wales,W92000004,2021-12-10,2207,539057,2151,531529,56,7528
nation,Wales,W92000004,2021-12-09,2424,536850,2379,529378,45,7472
nation,Wales,W92000004,2021-12-08,2663,534426,2612,526999,51,7427
nation,Wales,W92000004,2021-12-07,2500,531763,2438,524387,62,7376
nation,Wales,W92000004,2021-12-06,2816,529263,2772,521949,44,7314
nation,Wales,W92000004,2021-12-05,1957,526447,1922,519177,35,7270
nation,Wales,W92000004,2021-12-04,1855,524490,1812,517255,43,7235
nation,Wales,W92000004,2021-12-03,2198,522635,2154,515443,44,7192
nation,Wales,W92000004,2021-12-02,2417,520437,2386,513289,31,7148
nation,Wales,W92000004,2021-12-01,2438,518020,2395,510903,43,7117
nation,Wales,W92000004,2021-11-30,2761,515582,2713,508508,48,7074
nation,Wales,W92000004,2021-11-29,2854,512821,2789,505795,65,7026
nation,Wales,W92000004,2021-11-28,2009,509967,1979,503006,30,6961
nation,Wales,W92000004,2021-11-27,1591,507958,1570,501027,21,6931
nation,Wales,W92000004,2021-11-26,1985,506367,1950,499457,35,6910
nation,Wales,W92000004,2021-11-25,2152,504382,2121,497507,31,6875
nation,Wales,W92000004,2021-11-24,2323,502230,2275,495386,48,6844
nation,Wales,W92000004,2021-11-23,2490,499907,2435,493111,55,6796
nation,Wales,W92000004,2021-11-22,2810,497417,2754,490676,56,6741
nation,Wales,W92000004,2021-11-21,1832,494607,1803,487922,29,6685
nation,Wales,W92000004,2021-11-20,1816,492775,1779,486119,37,6656
nation,Wales,W92000004,2021-11-19,1976,490959,1948,484340,28,6619
nation,Wales,W92000004,2021-11-18,2268,488983,2212,482392,56,6591
nation,Wales,W92000004,2021-11-17,2551,486715,2491,480180,60,6535
nation,Wales,W92000004,2021-11-16,2708,484164,2640,477689,68,6475
nation,Wales,W92000004,2021-11-15,2914,481456,2844,475049,70,6407
nation,Wales,W92000004,2021-11-14,2023,478542,1999,472205,24,6337
nation,Wales,W92000004,2021-11-13,1848,476519,1824,470206,24,6313
nation,Wales,W92000004,2021-11-12,2246,474671,2212,468382,34,6289
nation,Wales,W92000004,2021-11-11,2575,472425,2515,466170,60,6255
nation,Wales,W92000004,2021-11-10,2764,469850,2721,463655,43,6195
nation,Wales,W92000004,2021-11-09,2490,467086,2443,460934,47,6152
nation,Wales,W92000004,2021-11-08,2624,464596,2584,458491,40,6105
nation,Wales,W92000004,2021-11-07,1799,461972,1771,455907,28,6065
nation,Wales,W92000004,2021-11-06,1629,460173,1604,454136,25,6037
nation,Wales,W92000004,2021-11-05,2029,458544,1995,452532,34,6012
nation,Wales,W92000004,2021-11-04,2276,456515,2234,450537,42,5978
nation,Wales,W92000004,2021-11-03,2401,454239,2362,448303,39,5936
nation,Wales,W92000004,2021-11-02,2463,451838,2425,445941,38,5897
nation,Wales,W92000004,2021-11-01,2874,449375,2835,443516,39,5859
nation,Wales,W92000004,2021-10-31,2203,446501,2176,440681,27,5820
nation,Wales,W92000004,2021-10-30,2319,444298,2285,438505,34,5793
nation,Wales,W92000004,2021-10-29,2617,441979,2577,436220,40,5759
nation,Wales,W92000004,2021-10-28,2614,439362,2566,433643,48,5719
nation,Wales,W92000004,2021-10-27,2594,436748,2562,431077,32,5671
nation,Wales,W92000004,2021-10-26,2639,434154,2599,428515,40,5639
nation,Wales,W92000004,2021-10-25,2961,431515,2915,425916,46,5599
nation,Wales,W92000004,2021-10-24,2286,428554,2260,423001,26,5553
nation,Wales,W92000004,2021-10-23,2193,426268,2170,420741,23,5527
nation,Wales,W92000004,2021-10-22,2643,424075,2613,418571,30,5504
nation,Wales,W92000004,2021-10-21,2921,421432,2882,415958,39,5474
nation,Wales,W92000004,2021-10-20,3439,418511,3395,413076,44,5435
nation,Wales,W92000004,2021-10-19,3656,415072,3600,409681,56,5391
nation,Wales,W92000004,2021-10-18,4054,411416,3998,406081,56,5335
nation,Wales,W92000004,2021-10-17,2870,407362,2830,402083,40,5279
nation,Wales,W92000004,2021-10-16,3077,404492,3041,399253,36,5239
nation,Wales,W92000004,2021-10-15,3249,401415,3194,396212,55,5203
nation,Wales,W92000004,2021-10-14,3210,398166,3177,393018,33,5148
nation,Wales,W92000004,2021-10-13,3273,394956,3230,389841,43,5115
nation,Wales,W92000004,2021-10-12,3382,391683,3326,386611,56,5072
nation,Wales,W92000004,2021-10-11,2907,388301,2862,383285,45,5016
nation,Wales,W92000004,2021-10-10,1873,385394,1844,380423,29,4971
nation,Wales,W92000004,2021-10-09,1972,383521,1953,378579,19,4942
nation,Wales,W92000004,2021-10-08,2223,381549,2195,376626,28,4923
nation,Wales,W92000004,2021-10-07,2418,379326,2382,374431,36,4895
nation,Wales,W92000004,2021-10-06,2782,376908,2746,372049,36,4859
nation,Wales,W92000004,2021-10-05,2870,374126,2833,369303,37,4823
nation,Wales,W92000004,2021-10-04,2962,371256,2922,366470,40,4786
nation,Wales,W92000004,2021-10-03,1883,368294,1860,363548,23,4746
nation,Wales,W92000004,2021-10-02,1671,366411,1647,361688,24,4723
nation,Wales,W92000004,2021-10-01,1961,364740,1942,360041,19,4699
nation,Wales,W92000004,2021-09-30,2397,362779,2353,358099,44,4680
nation,Wales,W92000004,2021-09-29,2377,360382,2327,355746,50,4636
nation,Wales,W92000004,2021-09-28,2598,358005,2568,353419,30,4586
nation,Wales,W92000004,2021-09-27,2531,355407,2501,350851,30,4556
nation,Wales,W92000004,2021-09-26,2205,352876,2175,348350,30,4526
nation,Wales,W92000004,2021-09-25,2215,350671,2184,346175,31,4496
nation,Wales,W92000004,2021-09-24,2701,348456,2667,343991,34,4465
nation,Wales,W92000004,2021-09-23,3310,345755,3253,341324,57,4431
nation,Wales,W92000004,2021-09-22,3349,342445,3287,338071,62,4374
nation,Wales,W92000004,2021-09-21,3286,339096,3240,334784,46,4312
nation,Wales,W92000004,2021-09-20,3374,335810,3320,331544,54,4266
nation,Wales,W92000004,2021-09-19,2556,332436,2524,328224,32,4212
nation,Wales,W92000004,2021-09-18,2238,329880,2213,325700,25,4180
nation,Wales,W92000004,2021-09-17,2739,327642,2694,323487,45,4155
nation,Wales,W92000004,2021-09-16,2751,324903,2707,320793,44,4110
nation,Wales,W92000004,2021-09-15,2729,322152,2684,318086,45,4066
nation,Wales,W92000004,2021-09-14,2726,319423,2691,315402,35,4021
nation,Wales,W92000004,2021-09-13,2986,316697,2943,312711,43,3986
nation,Wales,W92000004,2021-09-12,1887,313711,1858,309768,29,3943
nation,Wales,W92000004,2021-09-11,1944,311824,1903,307910,41,3914
nation,Wales,W92000004,2021-09-10,1998,309880,1969,306007,29,3873
nation,Wales,W92000004,2021-09-09,2319,307882,2280,304038,39,3844
nation,Wales,W92000004,2021-09-08,2382,305563,2337,301758,45,3805
nation,Wales,W92000004,2021-09-07,2293,303181,2258,299421,35,3760
nation,Wales,W92000004,2021-09-06,2902,300888,2836,297163,66,3725
nation,Wales,W92000004,2021-09-05,2108,297986,2076,294327,32,3659
nation,Wales,W92000004,2021-09-04,2160,295878,2119,292251,41,3627
nation,Wales,W92000004,2021-09-03,2347,293718,2309,290132,38,3586
nation,Wales,W92000004,2021-09-02,2681,291371,2641,287823,40,3548
nation,Wales,W92000004,2021-09-01,2870,288690,2806,285182,64,3508
nation,Wales,W92000004,2021-08-31,3022,285820,2962,282376,60,3444
nation,Wales,W92000004,2021-08-30,1788,282798,1751,279414,37,3384
nation,Wales,W92000004,2021-08-29,1438,281010,1409,277663,29,3347
nation,Wales,W92000004,2021-08-28,1516,279572,1502,276254,14,3318
nation,Wales,W92000004,2021-08-27,1959,278056,1922,274752,37,3304
nation,Wales,W92000004,2021-08-26,2187,276097,2143,272830,44,3267
nation,Wales,W92000004,2021-08-25,2271,273910,2234,270687,37,3223
nation,Wales,W92000004,2021-08-24,2156,271639,2109,268453,47,3186
nation,Wales,W92000004,2021-08-23,2049,269483,2016,266344,33,3139
nation,Wales,W92000004,2021-08-22,1379,267434,1359,264328,20,3106
nation,Wales,W92000004,2021-08-21,1390,266055,1379,262969,11,3086
nation,Wales,W92000004,2021-08-20,1619,264665,1586,261590,33,3075
nation,Wales,W92000004,2021-08-19,1858,263046,1826,260004,32,3042
nation,Wales,W92000004,2021-08-18,1782,261188,1752,258178,30,3010
nation,Wales,W92000004,2021-08-17,1736,259406,1699,256426,37,2980
nation,Wales,W92000004,2021-08-16,1585,257670,1558,254727,27,2943
nation,Wales,W92000004,2021-08-15,1098,256085,1089,253169,9,2916
nation,Wales,W92000004,2021-08-14,1003,254987,993,252080,10,2907
nation,Wales,W92000004,2021-08-13,1122,253984,1108,251087,14,2897
nation,Wales,W92000004,2021-08-12,1259,252862,1240,249979,19,2883
nation,Wales,W92000004,2021-08-11,1184,251603,1165,248739,19,2864
nation,Wales,W92000004,2021-08-10,946,250419,928,247574,18,2845
nation,Wales,W92000004,2021-08-09,957,249473,944,246646,13,2827
nation,Wales,W92000004,2021-08-08,585,248516,581,245702,4,2814
nation,Wales,W92000004,2021-08-07,580,247931,576,245121,4,2810
nation,Wales,W92000004,2021-08-06,707,247351,694,244545,13,2806
nation,Wales,W92000004,2021-08-05,788,246644,775,243851,13,2793
nation,Wales,W92000004,2021-08-04,796,245856,784,243076,12,2780
nation,Wales,W92000004,2021-08-03,736,245060,728,242292,8,2768
nation,Wales,W92000004,2021-08-02,760,244324,746,241564,14,2760
nation,Wales,W92000004,2021-08-01,525,243564,519,240818,6,2746
nation,Wales,W92000004,2021-07-31,478,243039,473,240299,5,2740
nation,Wales,W92000004,2021-07-30,587,242561,580,239826,7,2735
nation,Wales,W92000004,2021-07-29,689,241974,682,239246,7,2728
nation,Wales,W92000004,2021-07-28,688,241285,678,238564,10,2721
nation,Wales,W92000004,2021-07-27,768,240597,753,237886,15,2711
nation,Wales,W92000004,2021-07-26,755,239829,740,237133,15,2696
nation,Wales,W92000004,2021-07-25,530,239074,523,236393,7,2681
nation,Wales,W92000004,2021-07-24,582,238544,578,235870,4,2674
nation,Wales,W92000004,2021-07-23,684,237962,672,235292,12,2670
nation,Wales,W92000004,2021-07-22,823,237278,811,234620,12,2658
nation,Wales,W92000004,2021-07-21,802,236455,789,233809,13,2646
nation,Wales,W92000004,2021-07-20,821,235653,813,233020,8,2633
nation,Wales,W92000004,2021-07-19,910,234832,901,232207,9,2625
nation,Wales,W92000004,2021-07-18,619,233922,612,231306,7,2616
nation,Wales,W92000004,2021-07-17,640,233303,629,230694,11,2609
nation,Wales,W92000004,2021-07-16,956,232663,950,230065,6,2598
nation,Wales,W92000004,2021-07-15,1119,231707,1107,229115,12,2592
nation,Wales,W92000004,2021-07-14,1206,230588,1195,228008,11,2580
nation,Wales,W92000004,2021-07-13,1099,229382,1081,226813,18,2569
nation,Wales,W92000004,2021-07-12,916,228283,906,225732,10,2551
nation,Wales,W92000004,2021-07-11,713,227367,698,224826,15,2541
nation,Wales,W92000004,2021-07-10,656,226654,652,224128,4,2526
nation,Wales,W92000004,2021-07-09,778,225998,759,223476,19,2522
nation,Wales,W92000004,2021-07-08,713,225220,707,222717,6,2503
nation,Wales,W92000004,2021-07-07,778,224507,765,222010,13,2497
nation,Wales,W92000004,2021-07-06,771,223729,755,221245,16,2484
nation,Wales,W92000004,2021-07-05,777,222958,760,220490,17,2468
nation,Wales,W92000004,2021-07-04,555,222181,541,219730,14,2451
nation,Wales,W92000004,2021-07-03,497,221626,491,219189,6,2437
nation,Wales,W92000004,2021-07-02,575,221129,569,218698,6,2431
nation,Wales,W92000004,2021-07-01,645,220554,631,218129,14,2425
nation,Wales,W92000004,2021-06-30,597,219909,587,217498,10,2411
nation,Wales,W92000004,2021-06-29,637,219312,627,216911,10,2401
nation,Wales,W92000004,2021-06-28,628,218675,615,216284,13,2391
nation,Wales,W92000004,2021-06-27,364,218047,358,215669,6,2378
nation,Wales,W92000004,2021-06-26,252,217683,249,215311,3,2372
nation,Wales,W92000004,2021-06-25,377,217431,373,215062,4,2369
nation,Wales,W92000004,2021-06-24,413,217054,408,214689,5,2365
nation,Wales,W92000004,2021-06-23,413,216641,409,214281,4,2360
nation,Wales,W92000004,2021-06-22,344,216228,334,213872,10,2356
nation,Wales,W92000004,2021-06-21,342,215884,334,213538,8,2346
nation,Wales,W92000004,2021-06-20,187,215542,183,213204,4,2338
nation,Wales,W92000004,2021-06-19,195,215355,195,213021,0,2334
nation,Wales,W92000004,2021-06-18,174,215160,169,212826,5,2334
nation,Wales,W92000004,2021-06-17,222,214986,219,212657,3,2329
nation,Wales,W92000004,2021-06-16,189,214764,185,212438,4,2326
nation,Wales,W92000004,2021-06-15,194,214575,192,212253,2,2322
nation,Wales,W92000004,2021-06-14,159,214381,156,212061,3,2320
nation,Wales,W92000004,2021-06-13,112,214222,111,211905,1,2317
nation,Wales,W92000004,2021-06-12,85,214110,85,211794,0,2316
nation,Wales,W92000004,2021-06-11,130,214025,124,211709,6,2316
nation,Wales,W92000004,2021-06-10,141,213895,132,211585,9,2310
nation,Wales,W92000004,2021-06-09,129,213754,125,211453,4,2301
nation,Wales,W92000004,2021-06-08,117,213625,115,211328,2,2297
nation,Wales,W92000004,2021-06-07,105,213508,103,211213,2,2295
nation,Wales,W92000004,2021-06-06,68,213403,65,211110,3,2293
nation,Wales,W92000004,2021-06-05,77,213335,74,211045,3,2290
nation,Wales,W92000004,2021-06-04,65,213258,63,210971,2,2287
nation,Wales,W92000004,2021-06-03,88,213193,82,210908,6,2285
nation,Wales,W92000004,2021-06-02,81,213105,78,210826,3,2279
nation,Wales,W92000004,2021-06-01,59,213024,52,210748,7,2276
nation,Wales,W92000004,2021-05-31,60,212965,55,210696,5,2269
nation,Wales,W92000004,2021-05-30,39,212905,34,210641,5,2264
nation,Wales,W92000004,2021-05-29,41,212866,40,210607,1,2259
nation,Wales,W92000004,2021-05-28,40,212825,38,210567,2,2258
nation,Wales,W92000004,2021-05-27,37,212785,34,210529,3,2256
nation,Wales,W92000004,2021-05-26,30,212748,27,210495,3,2253
nation,Wales,W92000004,2021-05-25,50,212718,48,210468,2,2250
nation,Wales,W92000004,2021-05-24,41,212668,37,210420,4,2248
nation,Wales,W92000004,2021-05-23,21,212627,19,210383,2,2244
nation,Wales,W92000004,2021-05-22,35,212606,33,210364,2,2242
nation,Wales,W92000004,2021-05-21,52,212571,50,210331,2,2240
nation,Wales,W92000004,2021-05-20,47,212519,39,210281,8,2238
nation,Wales,W92000004,2021-05-19,35,212472,33,210242,2,2230
nation,Wales,W92000004,2021-05-18,45,212437,39,210209,6,2228
nation,Wales,W92000004,2021-05-17,51,212392,42,210170,9,2222
nation,Wales,W92000004,2021-05-16,31,212341,27,210128,4,2213
nation,Wales,W92000004,2021-05-15,28,212310,22,210101,6,2209
nation,Wales,W92000004,2021-05-14,44,212282,41,210079,3,2203
nation,Wales,W92000004,2021-05-13,39,212238,33,210038,6,2200
nation,Wales,W92000004,2021-05-12,62,212199,53,210005,9,2194
nation,Wales,W92000004,2021-05-11,66,212137,58,209952,8,2185
nation,Wales,W92000004,2021-05-10,42,212071,35,209894,7,2177
nation,Wales,W92000004,2021-05-09,30,212029,27,209859,3,2170
nation,Wales,W92000004,2021-05-08,31,211999,27,209832,4,2167
nation,Wales,W92000004,2021-05-07,39,211968,31,209805,8,2163
nation,Wales,W92000004,2021-05-06,65,211929,62,209774,3,2155
nation,Wales,W92000004,2021-05-05,45,211864,42,209712,3,2152
nation,Wales,W92000004,2021-05-04,56,211819,47,209670,9,2149
nation,Wales,W92000004,2021-05-03,27,211763,24,209623,3,2140
nation,Wales,W92000004,2021-05-02,27,211736,26,209599,1,2137
nation,Wales,W92000004,2021-05-01,32,211709,26,209573,6,2136
nation,Wales,W92000004,2021-04-30,34,211677,29,209547,5,2130
nation,Wales,W92000004,2021-04-29,55,211643,50,209518,5,2125
nation,Wales,W92000004,2021-04-28,48,211588,43,209468,5,2120
nation,Wales,W92000004,2021-04-27,60,211540,54,209425,6,2115
nation,Wales,W92000004,2021-04-26,57,211480,54,209371,3,2109
nation,Wales,W92000004,2021-04-25,32,211423,29,209317,3,2106
nation,Wales,W92000004,2021-04-24,38,211391,35,209288,3,2103
nation,Wales,W92000004,2021-04-23,48,211353,42,209253,6,2100
nation,Wales,W92000004,2021-04-22,55,211305,49,209211,6,2094
nation,Wales,W92000004,2021-04-21,63,211250,52,209162,11,2088
nation,Wales,W92000004,2021-04-20,57,211187,49,209110,8,2077
nation,Wales,W92000004,2021-04-19,74,211130,62,209061,12,2069
nation,Wales,W92000004,2021-04-18,54,211056,48,208999,6,2057
nation,Wales,W92000004,2021-04-17,38,211002,34,208951,4,2051
nation,Wales,W92000004,2021-04-16,60,210964,54,208917,6,2047
nation,Wales,W92000004,2021-04-15,70,210904,67,208863,3,2041
nation,Wales,W92000004,2021-04-14,80,210834,67,208796,13,2038
nation,Wales,W92000004,2021-04-13,64,210754,57,208729,7,2025
nation,Wales,W92000004,2021-04-12,107,210690,98,208672,9,2018
nation,Wales,W92000004,2021-04-11,55,210583,53,208574,2,2009
nation,Wales,W92000004,2021-04-10,51,210528,48,208521,3,2007
nation,Wales,W92000004,2021-04-09,72,210477,62,208473,10,2004
nation,Wales,W92000004,2021-04-08,90,210405,84,208411,6,1994
nation,Wales,W92000004,2021-04-07,105,210315,92,208327,13,1988
nation,Wales,W92000004,2021-04-06,105,210210,94,208235,11,1975
nation,Wales,W92000004,2021-04-05,72,210105,64,208141,8,1964
nation,Wales,W92000004,2021-04-04,76,210033,73,208077,3,1956
nation,Wales,W92000004,2021-04-03,58,209957,56,208004,2,1953
nation,Wales,W92000004,2021-04-02,64,209899,59,207948,5,1951
nation,Wales,W92000004,2021-04-01,94,209835,81,207889,13,1946
nation,Wales,W92000004,2021-03-31,108,209741,101,207808,7,1933
nation,Wales,W92000004,2021-03-30,138,209633,124,207707,14,1926
nation,Wales,W92000004,2021-03-29,123,209495,105,207583,18,1912
nation,Wales,W92000004,2021-03-28,103,209372,97,207478,6,1894
nation,Wales,W92000004,2021-03-27,87,209269,81,207381,6,1888
nation,Wales,W92000004,2021-03-26,152,209182,144,207300,8,1882
nation,Wales,W92000004,2021-03-25,199,209030,186,207156,13,1874
nation,Wales,W92000004,2021-03-24,190,208831,174,206970,16,1861
nation,Wales,W92000004,2021-03-23,163,208641,149,206796,14,1845
nation,Wales,W92000004,2021-03-22,198,208478,186,206647,12,1831
nation,Wales,W92000004,2021-03-21,139,208280,129,206461,10,1819
nation,Wales,W92000004,2021-03-20,152,208141,142,206332,10,1809
nation,Wales,W92000004,2021-03-19,177,207989,173,206190,4,1799
nation,Wales,W92000004,2021-03-18,218,207812,210,206017,8,1795
nation,Wales,W92000004,2021-03-17,183,207594,173,205807,10,1787
nation,Wales,W92000004,2021-03-16,183,207411,174,205634,9,1777
nation,Wales,W92000004,2021-03-15,196,207228,187,205460,9,1768
nation,Wales,W92000004,2021-03-14,159,207032,153,205273,6,1759
nation,Wales,W92000004,2021-03-13,190,206873,182,205120,8,1753
nation,Wales,W92000004,2021-03-12,206,206683,193,204938,13,1745
nation,Wales,W92000004,2021-03-11,228,206477,216,204745,12,1732
nation,Wales,W92000004,2021-03-10,202,206249,190,204529,12,1720
nation,Wales,W92000004,2021-03-09,165,206047,151,204339,14,1708
nation,Wales,W92000004,2021-03-08,258,205882,248,204188,10,1694
nation,Wales,W92000004,2021-03-07,146,205624,140,203940,6,1684
nation,Wales,W92000004,2021-03-06,169,205478,162,203800,7,1678
nation,Wales,W92000004,2021-03-05,131,205309,125,203638,6,1671
nation,Wales,W92000004,2021-03-04,199,205178,186,203513,13,1665
nation,Wales,W92000004,2021-03-03,209,204979,197,203327,12,1652
nation,Wales,W92000004,2021-03-02,237,204770,220,203130,17,1640
nation,Wales,W92000004,2021-03-01,244,204533,234,202910,10,1623
nation,Wales,W92000004,2021-02-28,207,204289,199,202676,8,1613
nation,Wales,W92000004,2021-02-27,139,204082,131,202477,8,1605
nation,Wales,W92000004,2021-02-26,202,203943,191,202346,11,1597
nation,Wales,W92000004,2021-02-25,225,203741,212,202155,13,1586
nation,Wales,W92000004,2021-02-24,264,203516,251,201943,13,1573
nation,Wales,W92000004,2021-02-23,288,203252,271,201692,17,1560
nation,Wales,W92000004,2021-02-22,336,202964,319,201421,17,1543
nation,Wales,W92000004,2021-02-21,274,202628,267,201102,7,1526
nation,Wales,W92000004,2021-02-20,267,202354,256,200835,11,1519
nation,Wales,W92000004,2021-02-19,309,202087,297,200579,12,1508
nation,Wales,W92000004,2021-02-18,343,201778,331,200282,12,1496
nation,Wales,W92000004,2021-02-17,373,201435,356,199951,17,1484
nation,Wales,W92000004,2021-02-16,442,201062,430,199595,12,1467
nation,Wales,W92000004,2021-02-15,452,200620,435,199165,17,1455
nation,Wales,W92000004,2021-02-14,288,200168,279,198730,9,1438
nation,Wales,W92000004,2021-02-13,281,199880,266,198451,15,1429
nation,Wales,W92000004,2021-02-12,408,199599,394,198185,14,1414
nation,Wales,W92000004,2021-02-11,377,199191,366,197791,11,1400
nation,Wales,W92000004,2021-02-10,448,198814,433,197425,15,1389
nation,Wales,W92000004,2021-02-09,464,198366,444,196992,20,1374
nation,Wales,W92000004,2021-02-08,492,197902,480,196548,12,1354
nation,Wales,W92000004,2021-02-07,284,197410,279,196068,5,1342
nation,Wales,W92000004,2021-02-06,359,197126,352,195789,7,1337
nation,Wales,W92000004,2021-02-05,501,196767,489,195437,12,1330
nation,Wales,W92000004,2021-02-04,501,196266,495,194948,6,1318
nation,Wales,W92000004,2021-02-03,579,195765,561,194453,18,1312
nation,Wales,W92000004,2021-02-02,597,195186,579,193892,18,1294
nation,Wales,W92000004,2021-02-01,612,194589,597,193313,15,1276
nation,Wales,W92000004,2021-01-31,465,193977,459,192716,6,1261
nation,Wales,W92000004,2021-01-30,487,193512,482,192257,5,1255
nation,Wales,W92000004,2021-01-29,600,193025,587,191775,13,1250
nation,Wales,W92000004,2021-01-28,658,192425,646,191188,12,1237
nation,Wales,W92000004,2021-01-27,703,191767,690,190542,13,1225
nation,Wales,W92000004,2021-01-26,732,191064,719,189852,13,1212
nation,Wales,W92000004,2021-01-25,850,190332,833,189133,17,1199
nation,Wales,W92000004,2021-01-24,397,189482,394,188300,3,1182
nation,Wales,W92000004,2021-01-23,542,189085,535,187906,7,1179
nation,Wales,W92000004,2021-01-22,772,188543,754,187371,18,1172
nation,Wales,W92000004,2021-01-21,909,187771,897,186617,12,1154
nation,Wales,W92000004,2021-01-20,972,186862,956,185720,16,1142
nation,Wales,W92000004,2021-01-19,1081,185890,1068,184764,13,1126
nation,Wales,W92000004,2021-01-18,1398,184809,1381,183696,17,1113
nation,Wales,W92000004,2021-01-17,827,183411,816,182315,11,1096
nation,Wales,W92000004,2021-01-16,1005,182584,998,181499,7,1085
nation,Wales,W92000004,2021-01-15,1214,181579,1201,180501,13,1078
nation,Wales,W92000004,2021-01-14,1313,180365,1300,179300,13,1065
nation,Wales,W92000004,2021-01-13,1464,179052,1449,178000,15,1052
nation,Wales,W92000004,2021-01-12,1601,177588,1577,176551,24,1037
nation,Wales,W92000004,2021-01-11,1736,175987,1708,174974,28,1013
nation,Wales,W92000004,2021-01-10,1176,174251,1166,173266,10,985
nation,Wales,W92000004,2021-01-09,1142,173075,1133,172100,9,975
nation,Wales,W92000004,2021-01-08,1598,171933,1572,170967,26,966
nation,Wales,W92000004,2021-01-07,1667,170335,1641,169395,26,940
nation,Wales,W92000004,2021-01-06,1993,168668,1977,167754,16,914
nation,Wales,W92000004,2021-01-05,2386,166675,2363,165777,23,898
nation,Wales,W92000004,2021-01-04,2659,164289,2633,163414,26,875
nation,Wales,W92000004,2021-01-03,1811,161630,1794,160781,17,849
nation,Wales,W92000004,2021-01-02,2093,159819,2085,158987,8,832
nation,Wales,W92000004,2021-01-01,1214,157726,1208,156902,6,824
nation,Wales,W92000004,2020-12-31,2009,156512,1997,155694,12,818
nation,Wales,W92000004,2020-12-30,2698,154503,2674,153697,24,806
nation,Wales,W92000004,2020-12-29,3563,151805,3543,151023,20,782
nation,Wales,W92000004,2020-12-28,2356,148242,2345,147480,11,762
nation,Wales,W92000004,2020-12-27,2495,145886,2485,145135,10,751
nation,Wales,W92000004,2020-12-26,1893,143391,1890,142650,3,741
nation,Wales,W92000004,2020-12-25,642,141498,639,140760,3,738
nation,Wales,W92000004,2020-12-24,1473,140856,1465,140121,8,735
nation,Wales,W92000004,2020-12-23,2443,139383,2431,138656,12,727
nation,Wales,W92000004,2020-12-22,2705,136940,2690,136225,15,715
nation,Wales,W92000004,2020-12-21,2743,134235,2731,133535,12,700
nation,Wales,W92000004,2020-12-20,2209,131492,2200,130804,9,688
nation,Wales,W92000004,2020-12-19,2170,129283,2161,128604,9,679
nation,Wales,W92000004,2020-12-18,2537,127113,2527,126443,10,670
nation,Wales,W92000004,2020-12-17,2776,124576,2764,123916,12,660
nation,Wales,W92000004,2020-12-16,3139,121800,3120,121152,19,648
nation,Wales,W92000004,2020-12-15,3182,118661,3172,118032,10,629
nation,Wales,W92000004,2020-12-14,3538,115479,3510,114860,28,619
nation,Wales,W92000004,2020-12-13,2734,111941,2711,111350,23,591
nation,Wales,W92000004,2020-12-12,2286,109207,2273,108639,13,568
nation,Wales,W92000004,2020-12-11,2811,106921,2799,106366,12,555
nation,Wales,W92000004,2020-12-10,2664,104110,2650,103567,14,543
nation,Wales,W92000004,2020-12-09,2692,101446,2678,100917,14,529
nation,Wales,W92000004,2020-12-08,2601,98754,2593,98239,8,515
nation,Wales,W92000004,2020-12-07,2511,96153,2499,95646,12,507
nation,Wales,W92000004,2020-12-06,1697,93642,1685,93147,12,495
nation,Wales,W92000004,2020-12-05,1533,91945,1529,91462,4,483
nation,Wales,W92000004,2020-12-04,1701,90412,1693,89933,8,479
nation,Wales,W92000004,2020-12-03,1803,88711,1794,88240,9,471
nation,Wales,W92000004,2020-12-02,1651,86908,1647,86446,4,462
nation,Wales,W92000004,2020-12-01,1609,85257,1599,84799,10,458
nation,Wales,W92000004,2020-11-30,1505,83648,1500,83200,5,448
nation,Wales,W92000004,2020-11-29,966,82143,959,81700,7,443
nation,Wales,W92000004,2020-11-28,844,81177,839,80741,5,436
nation,Wales,W92000004,2020-11-27,1035,80333,1031,79902,4,431
nation,Wales,W92000004,2020-11-26,1160,79298,1152,78871,8,427
nation,Wales,W92000004,2020-11-25,1336,78138,1331,77719,5,419
nation,Wales,W92000004,2020-11-24,1093,76802,1088,76388,5,414
nation,Wales,W92000004,2020-11-23,1030,75709,1020,75300,10,409
nation,Wales,W92000004,2020-11-22,717,74679,713,74280,4,399
nation,Wales,W92000004,2020-11-21,680,73962,678,73567,2,395
nation,Wales,W92000004,2020-11-20,936,73282,932,72889,4,393
nation,Wales,W92000004,2020-11-19,920,72346,912,71957,8,389
nation,Wales,W92000004,2020-11-18,987,71426,982,71045,5,381
nation,Wales,W92000004,2020-11-17,1041,70439,1034,70063,7,376
nation,Wales,W92000004,2020-11-16,993,69398,990,69029,3,369
nation,Wales,W92000004,2020-11-15,627,68405,626,68039,1,366
nation,Wales,W92000004,2020-11-14,629,67778,627,67413,2,365
nation,Wales,W92000004,2020-11-13,859,67149,856,66786,3,363
nation,Wales,W92000004,2020-11-12,773,66290,771,65930,2,360
nation,Wales,W92000004,2020-11-11,855,65517,847,65159,8,358
nation,Wales,W92000004,2020-11-10,964,64662,959,64312,5,350
nation,Wales,W92000004,2020-11-09,1009,63698,1005,63353,4,345
nation,Wales,W92000004,2020-11-08,698,62689,695,62348,3,341
nation,Wales,W92000004,2020-11-07,605,61991,600,61653,5,338
nation,Wales,W92000004,2020-11-06,877,61386,874,61053,3,333
nation,Wales,W92000004,2020-11-05,1016,60509,1013,60179,3,330
nation,Wales,W92000004,2020-11-04,1095,59493,1091,59166,4,327
nation,Wales,W92000004,2020-11-03,1235,58398,1229,58075,6,323
nation,Wales,W92000004,2020-11-02,1409,57163,1407,56846,2,317
nation,Wales,W92000004,2020-11-01,947,55754,944,55439,3,315
nation,Wales,W92000004,2020-10-31,879,54807,874,54495,5,312
nation,Wales,W92000004,2020-10-30,1241,53928,1238,53621,3,307
nation,Wales,W92000004,2020-10-29,1583,52687,1578,52383,5,304
nation,Wales,W92000004,2020-10-28,1357,51104,1351,50805,6,299
nation,Wales,W92000004,2020-10-27,1478,49747,1474,49454,4,293
nation,Wales,W92000004,2020-10-26,1557,48269,1556,47980,1,289
nation,Wales,W92000004,2020-10-25,940,46712,940,46424,0,288
nation,Wales,W92000004,2020-10-24,1025,45772,1025,45484,0,288
nation,Wales,W92000004,2020-10-23,1197,44747,1196,44459,1,288
nation,Wales,W92000004,2020-10-22,1056,43550,1053,43263,3,287
nation,Wales,W92000004,2020-10-21,1266,42494,1263,42210,3,284
nation,Wales,W92000004,2020-10-20,1236,41228,1236,40947,0,281
nation,Wales,W92000004,2020-10-19,1111,39992,1108,39711,3,281
nation,Wales,W92000004,2020-10-18,716,38881,713,38603,3,278
nation,Wales,W92000004,2020-10-17,708,38165,705,37890,3,275
nation,Wales,W92000004,2020-10-16,951,37457,949,37185,2,272
nation,Wales,W92000004,2020-10-15,790,36506,788,36236,2,270
nation,Wales,W92000004,2020-10-14,906,35716,905,35448,1,268
nation,Wales,W92000004,2020-10-13,953,34810,953,34543,0,267
nation,Wales,W92000004,2020-10-12,782,33857,780,33590,2,267
nation,Wales,W92000004,2020-10-11,626,33075,626,32810,0,265
nation,Wales,W92000004,2020-10-10,620,32449,620,32184,0,265
nation,Wales,W92000004,2020-10-09,781,31829,779,31564,2,265
nation,Wales,W92000004,2020-10-08,827,31048,824,30785,3,263
nation,Wales,W92000004,2020-10-07,851,30221,851,29961,0,260
nation,Wales,W92000004,2020-10-06,771,29370,770,29110,1,260
nation,Wales,W92000004,2020-10-05,703,28599,699,28340,4,259
nation,Wales,W92000004,2020-10-04,614,27896,614,27641,0,255
nation,Wales,W92000004,2020-10-03,518,27282,518,27027,0,255
nation,Wales,W92000004,2020-10-02,603,26764,601,26509,2,255
nation,Wales,W92000004,2020-10-01,628,26161,626,25908,2,253
nation,Wales,W92000004,2020-09-30,601,25533,599,25282,2,251
nation,Wales,W92000004,2020-09-29,466,24932,461,24683,5,249
nation,Wales,W92000004,2020-09-28,426,24466,424,24222,2,244
nation,Wales,W92000004,2020-09-27,317,24040,315,23798,2,242
nation,Wales,W92000004,2020-09-26,403,23723,402,23483,1,240
nation,Wales,W92000004,2020-09-25,385,23320,383,23081,2,239
nation,Wales,W92000004,2020-09-24,316,22935,313,22698,3,237
nation,Wales,W92000004,2020-09-23,378,22619,377,22385,1,234
nation,Wales,W92000004,2020-09-22,380,22241,379,22008,1,233
nation,Wales,W92000004,2020-09-21,312,21861,309,21629,3,232
nation,Wales,W92000004,2020-09-20,252,21549,252,21320,0,229
nation,Wales,W92000004,2020-09-19,280,21297,280,21068,0,229
nation,Wales,W92000004,2020-09-18,246,21017,244,20788,2,229
nation,Wales,W92000004,2020-09-17,261,20771,260,20544,1,227
nation,Wales,W92000004,2020-09-16,207,20510,207,20284,0,226
nation,Wales,W92000004,2020-09-15,164,20303,159,20077,5,226
nation,Wales,W92000004,2020-09-14,192,20139,189,19918,3,221
nation,Wales,W92000004,2020-09-13,164,19947,163,19729,1,218
nation,Wales,W92000004,2020-09-12,140,19783,139,19566,1,217
nation,Wales,W92000004,2020-09-11,145,19643,143,19427,2,216
nation,Wales,W92000004,2020-09-10,186,19498,185,19284,1,214
nation,Wales,W92000004,2020-09-09,158,19312,158,19099,0,213
nation,Wales,W92000004,2020-09-08,143,19154,142,18941,1,213
nation,Wales,W92000004,2020-09-07,159,19011,158,18799,1,212
nation,Wales,W92000004,2020-09-06,131,18852,131,18641,0,211
nation,Wales,W92000004,2020-09-05,128,18721,126,18510,2,211
nation,Wales,W92000004,2020-09-04,149,18593,148,18384,1,209
nation,Wales,W92000004,2020-09-03,126,18444,126,18236,0,208
nation,Wales,W92000004,2020-09-02,95,18318,92,18110,3,208
nation,Wales,W92000004,2020-09-01,58,18223,58,18018,0,205
nation,Wales,W92000004,2020-08-31,44,18165,44,17960,0,205
nation,Wales,W92000004,2020-08-30,46,18121,46,17916,0,205
nation,Wales,W92000004,2020-08-29,44,18075,43,17870,1,205
nation,Wales,W92000004,2020-08-28,52,18031,50,17827,2,204
nation,Wales,W92000004,2020-08-27,50,17979,50,17777,0,202
nation,Wales,W92000004,2020-08-26,44,17929,44,17727,0,202
nation,Wales,W92000004,2020-08-25,50,17885,48,17683,2,202
nation,Wales,W92000004,2020-08-24,36,17835,36,17635,0,200
nation,Wales,W92000004,2020-08-23,11,17799,11,17599,0,200
nation,Wales,W92000004,2020-08-22,19,17788,19,17588,0,200
nation,Wales,W92000004,2020-08-21,23,17769,22,17569,1,200
nation,Wales,W92000004,2020-08-20,31,17746,31,17547,0,199
nation,Wales,W92000004,2020-08-19,35,17715,35,17516,0,199
nation,Wales,W92000004,2020-08-18,38,17680,38,17481,0,199
nation,Wales,W92000004,2020-08-17,19,17642,19,17443,0,199
nation,Wales,W92000004,2020-08-16,18,17623,17,17424,1,199
nation,Wales,W92000004,2020-08-15,10,17605,9,17407,1,198
nation,Wales,W92000004,2020-08-14,17,17595,17,17398,0,197
nation,Wales,W92000004,2020-08-13,17,17578,17,17381,0,197
nation,Wales,W92000004,2020-08-12,24,17561,24,17364,0,197
nation,Wales,W92000004,2020-08-11,27,17537,27,17340,0,197
nation,Wales,W92000004,2020-08-10,19,17510,17,17313,2,197
nation,Wales,W92000004,2020-08-09,8,17491,7,17296,1,195
nation,Wales,W92000004,2020-08-08,5,17483,5,17289,0,194
nation,Wales,W92000004,2020-08-07,16,17478,13,17284,3,194
nation,Wales,W92000004,2020-08-06,22,17462,21,17271,1,191
nation,Wales,W92000004,2020-08-05,22,17440,20,17250,2,190
nation,Wales,W92000004,2020-08-04,24,17418,23,17230,1,188
nation,Wales,W92000004,2020-08-03,22,17394,20,17207,2,187
nation,Wales,W92000004,2020-08-02,14,17372,12,17187,2,185
nation,Wales,W92000004,2020-08-01,16,17358,15,17175,1,183
nation,Wales,W92000004,2020-07-31,16,17342,14,17160,2,182
nation,Wales,W92000004,2020-07-30,30,17326,26,17146,4,180
nation,Wales,W92000004,2020-07-29,27,17296,25,17120,2,176
nation,Wales,W92000004,2020-07-28,27,17269,22,17095,5,174
nation,Wales,W92000004,2020-07-27,23,17242,21,17073,2,169
nation,Wales,W92000004,2020-07-26,35,17219,33,17052,2,167
nation,Wales,W92000004,2020-07-25,24,17184,24,17019,0,165
nation,Wales,W92000004,2020-07-24,30,17160,28,16995,2,165
nation,Wales,W92000004,2020-07-23,31,17130,31,16967,0,163
nation,Wales,W92000004,2020-07-22,25,17099,24,16936,1,163
nation,Wales,W92000004,2020-07-21,61,17074,55,16912,6,162
nation,Wales,W92000004,2020-07-20,43,17013,41,16857,2,156
nation,Wales,W92000004,2020-07-19,10,16970,10,16816,0,154
nation,Wales,W92000004,2020-07-18,11,16960,8,16806,3,154
nation,Wales,W92000004,2020-07-17,17,16949,14,16798,3,151
nation,Wales,W92000004,2020-07-16,25,16932,23,16784,2,148
nation,Wales,W92000004,2020-07-15,18,16907,16,16761,2,146
nation,Wales,W92000004,2020-07-14,23,16889,21,16745,2,144
nation,Wales,W92000004,2020-07-13,24,16866,21,16724,3,142
nation,Wales,W92000004,2020-07-12,10,16842,8,16703,2,139
nation,Wales,W92000004,2020-07-11,12,16832,12,16695,0,137
nation,Wales,W92000004,2020-07-10,29,16820,27,16683,2,137
nation,Wales,W92000004,2020-07-09,22,16791,19,16656,3,135
nation,Wales,W92000004,2020-07-08,14,16769,13,16637,1,132
nation,Wales,W92000004,2020-07-07,29,16755,25,16624,4,131
nation,Wales,W92000004,2020-07-06,35,16726,31,16599,4,127
nation,Wales,W92000004,2020-07-05,12,16691,11,16568,1,123
nation,Wales,W92000004,2020-07-04,8,16679,7,16557,1,122
nation,Wales,W92000004,2020-07-03,19,16671,16,16550,3,121
nation,Wales,W92000004,2020-07-02,28,16652,27,16534,1,118
nation,Wales,W92000004,2020-07-01,27,16624,25,16507,2,117
nation,Wales,W92000004,2020-06-30,35,16597,31,16482,4,115
nation,Wales,W92000004,2020-06-29,43,16562,39,16451,4,111
nation,Wales,W92000004,2020-06-28,28,16519,26,16412,2,107
nation,Wales,W92000004,2020-06-27,140,16491,137,16386,3,105
nation,Wales,W92000004,2020-06-26,19,16351,19,16249,0,102
nation,Wales,W92000004,2020-06-25,60,16332,58,16230,2,102
nation,Wales,W92000004,2020-06-24,37,16272,35,16172,2,100
nation,Wales,W92000004,2020-06-23,131,16235,126,16137,5,98
nation,Wales,W92000004,2020-06-22,66,16104,59,16011,7,93
nation,Wales,W92000004,2020-06-21,76,16038,74,15952,2,86
nation,Wales,W92000004,2020-06-20,47,15962,45,15878,2,84
nation,Wales,W92000004,2020-06-19,140,15915,136,15833,4,82
nation,Wales,W92000004,2020-06-18,62,15775,62,15697,0,78
nation,Wales,W92000004,2020-06-17,64,15713,59,15635,5,78
nation,Wales,W92000004,2020-06-16,82,15649,77,15576,5,73
nation,Wales,W92000004,2020-06-15,66,15567,64,15499,2,68
nation,Wales,W92000004,2020-06-14,54,15501,54,15435,0,66
nation,Wales,W92000004,2020-06-13,66,15447,64,15381,2,66
nation,Wales,W92000004,2020-06-12,75,15381,74,15317,1,64
nation,Wales,W92000004,2020-06-11,66,15306,60,15243,6,63
nation,Wales,W92000004,2020-06-10,67,15240,64,15183,3,57
nation,Wales,W92000004,2020-06-09,62,15173,59,15119,3,54
nation,Wales,W92000004,2020-06-08,74,15111,72,15060,2,51
nation,Wales,W92000004,2020-06-07,34,15037,33,14988,1,49
nation,Wales,W92000004,2020-06-06,51,15003,48,14955,3,48
nation,Wales,W92000004,2020-06-05,55,14952,52,14907,3,45
nation,Wales,W92000004,2020-06-04,59,14897,58,14855,1,42
nation,Wales,W92000004,2020-06-03,74,14838,70,14797,4,41
nation,Wales,W92000004,2020-06-02,71,14764,68,14727,3,37
nation,Wales,W92000004,2020-06-01,64,14693,63,14659,1,34
nation,Wales,W92000004,2020-05-31,46,14629,46,14596,0,33
nation,Wales,W92000004,2020-05-30,70,14583,67,14550,3,33
nation,Wales,W92000004,2020-05-29,106,14513,103,14483,3,30
nation,Wales,W92000004,2020-05-28,102,14407,98,14380,4,27
nation,Wales,W92000004,2020-05-27,118,14305,116,14282,2,23
nation,Wales,W92000004,2020-05-26,102,14187,101,14166,1,21
nation,Wales,W92000004,2020-05-25,106,14085,103,14065,3,20
nation,Wales,W92000004,2020-05-24,83,13979,80,13962,3,17
nation,Wales,W92000004,2020-05-23,122,13896,119,13882,3,14
nation,Wales,W92000004,2020-05-22,136,13774,135,13763,1,11
nation,Wales,W92000004,2020-05-21,132,13638,130,13628,2,10
nation,Wales,W92000004,2020-05-20,166,13506,166,13498,0,8
nation,Wales,W92000004,2020-05-19,212,13340,209,13332,3,8
nation,Wales,W92000004,2020-05-18,169,13128,165,13123,4,5
nation,Wales,W92000004,2020-05-17,117,12959,117,12958,0,1
nation,Wales,W92000004,2020-05-16,166,12842,165,12841,1,1
nation,Wales,W92000004,2020-05-15,180,12676,180,12676,,
nation,Wales,W92000004,2020-05-14,132,12496,132,12496,,
nation,Wales,W92000004,2020-05-13,154,12364,154,12364,,
nation,Wales,W92000004,2020-05-12,150,12210,150,12210,,
nation,Wales,W92000004,2020-05-11,178,12060,178,12060,,
nation,Wales,W92000004,2020-05-10,107,11882,107,11882,,
nation,Wales,W92000004,2020-05-09,136,11775,136,11775,,
nation,Wales,W92000004,2020-05-08,115,11639,115,11639,,
nation,Wales,W92000004,2020-05-07,176,11524,176,11524,,
nation,Wales,W92000004,2020-05-06,171,11348,171,11348,,
nation,Wales,W92000004,2020-05-05,175,11177,175,11177,,
nation,Wales,W92000004,2020-05-04,141,11002,141,11002,,
nation,Wales,W92000004,2020-05-03,108,10861,108,10861,,
nation,Wales,W92000004,2020-05-02,179,10753,179,10753,,
nation,Wales,W92000004,2020-05-01,177,10574,177,10574,,
nation,Wales,W92000004,2020-04-30,200,10397,200,10397,,
nation,Wales,W92000004,2020-04-29,176,10197,176,10197,,
nation,Wales,W92000004,2020-04-28,152,10021,152,10021,,
nation,Wales,W92000004,2020-04-27,173,9869,173,9869,,
nation,Wales,W92000004,2020-04-26,121,9696,121,9696,,
nation,Wales,W92000004,2020-04-25,137,9575,137,9575,,
nation,Wales,W92000004,2020-04-24,213,9438,213,9438,,
nation,Wales,W92000004,2020-04-23,200,9225,200,9225,,
nation,Wales,W92000004,2020-04-22,253,9025,253,9025,,
nation,Wales,W92000004,2020-04-21,259,8772,259,8772,,
nation,Wales,W92000004,2020-04-20,281,8513,281,8513,,
nation,Wales,W92000004,2020-04-19,181,8232,181,8232,,
nation,Wales,W92000004,2020-04-18,248,8051,248,8051,,
nation,Wales,W92000004,2020-04-17,324,7803,324,7803,,
nation,Wales,W92000004,2020-04-16,363,7479,363,7479,,
nation,Wales,W92000004,2020-04-15,361,7116,361,7116,,
nation,Wales,W92000004,2020-04-14,319,6755,319,6755,,
nation,Wales,W92000004,2020-04-13,273,6436,273,6436,,
nation,Wales,W92000004,2020-04-12,248,6163,248,6163,,
nation,Wales,W92000004,2020-04-11,247,5915,247,5915,,
nation,Wales,W92000004,2020-04-10,308,5668,308,5668,,
nation,Wales,W92000004,2020-04-09,391,5360,391,5360,,
nation,Wales,W92000004,2020-04-08,386,4969,386,4969,,
nation,Wales,W92000004,2020-04-07,386,4583,386,4583,,
nation,Wales,W92000004,2020-04-06,383,4197,383,4197,,
nation,Wales,W92000004,2020-04-05,224,3814,224,3814,,
nation,Wales,W92000004,2020-04-04,281,3590,281,3590,,
nation,Wales,W92000004,2020-04-03,330,3309,330,3309,,
nation,Wales,W92000004,2020-04-02,337,2979,337,2979,,
nation,Wales,W92000004,2020-04-01,327,2642,327,2642,,
nation,Wales,W92000004,2020-03-31,278,2315,278,2315,,
nation,Wales,W92000004,2020-03-30,343,2037,343,2037,,
nation,Wales,W92000004,2020-03-29,159,1694,159,1694,,
nation,Wales,W92000004,2020-03-28,167,1535,167,1535,,
nation,Wales,W92000004,2020-03-27,193,1368,193,1368,,
nation,Wales,W92000004,2020-03-26,177,1175,177,1175,,
nation,Wales,W92000004,2020-03-25,190,998,190,998,,
nation,Wales,W92000004,2020-03-24,140,808,140,808,,
nation,Wales,W92000004,2020-03-23,134,668,134,668,,
nation,Wales,W92000004,2020-03-22,75,534,75,534,,
nation,Wales,W92000004,2020-03-21,76,459,76,459,,
nation,Wales,W92000004,2020-03-20,73,383,73,383,,
nation,Wales,W92000004,2020-03-19,58,310,58,310,,
nation,Wales,W92000004,2020-03-18,29,252,29,252,,
nation,Wales,W92000004,2020-03-17,57,223,57,223,,
nation,Wales,W92000004,2020-03-16,29,166,29,166,,
nation,Wales,W92000004,2020-03-15,31,137,31,137,,
nation,Wales,W92000004,2020-03-14,18,106,18,106,,
nation,Wales,W92000004,2020-03-13,29,88,29,88,,
nation,Wales,W92000004,2020-03-12,25,59,25,59,,
nation,Wales,W92000004,2020-03-11,14,34,14,34,,
nation,Wales,W92000004,2020-03-10,12,20,12,20,,
nation,Wales,W92000004,2020-03-09,3,8,3,8,,
nation,Wales,W92000004,2020-03-08,1,5,1,5,,
nation,Wales,W92000004,2020-03-07,2,4,2,4,,
nation,Wales,W92000004,2020-03-06,0,2,0,2,,
nation,Wales,W92000004,2020-03-05,0,2,0,2,,
nation,Wales,W92000004,2020-03-04,1,2,1,2,,
nation,Wales,W92000004,2020-03-03,0,1,0,1,,
nation,Wales,W92000004,2020-03-02,0,1,0,1,,
nation,Wales,W92000004,2020-03-01,0,1,0,1,,
nation,Wales,W92000004,2020-02-29,0,1,0,1,,
nation,Wales,W92000004,2020-02-28,0,1,0,1,,
nation,Wales,W92000004,2020-02-27,1,1,1,1,,
