areaType,areaName,areaCode,date,newDailyNsoDeathsByDeathDate,cumDailyNsoDeathsByDeathDate
nation,Scotland,S92000003,2023-04-07,11,17323
nation,Scotland,S92000003,2023-04-06,11,17312
nation,Scotland,S92000003,2023-04-05,10,17301
nation,Scotland,S92000003,2023-04-04,8,17291
nation,Scotland,S92000003,2023-04-03,7,17283
nation,Scotland,S92000003,2023-04-02,11,17276
nation,Scotland,S92000003,2023-04-01,11,17265
nation,Scotland,S92000003,2023-03-31,10,17254
nation,Scotland,S92000003,2023-03-30,13,17244
nation,Scotland,S92000003,2023-03-29,10,17231
nation,Scotland,S92000003,2023-03-28,14,17221
nation,Scotland,S92000003,2023-03-27,7,17207
nation,Scotland,S92000003,2023-03-26,7,17200
nation,Scotland,S92000003,2023-03-25,12,17193
nation,Scotland,S92000003,2023-03-24,14,17181
nation,Scotland,S92000003,2023-03-23,11,17167
nation,Scotland,S92000003,2023-03-22,12,17156
nation,Scotland,S92000003,2023-03-21,19,17144
nation,Scotland,S92000003,2023-03-20,14,17125
nation,Scotland,S92000003,2023-03-19,5,17111
nation,Scotland,S92000003,2023-03-18,9,17106
nation,Scotland,S92000003,2023-03-17,10,17097
nation,Scotland,S92000003,2023-03-16,12,17087
nation,Scotland,S92000003,2023-03-15,8,17075
nation,Scotland,S92000003,2023-03-14,6,17067
nation,Scotland,S92000003,2023-03-13,5,17061
nation,Scotland,S92000003,2023-03-12,11,17056
nation,Scotland,S92000003,2023-03-11,14,17045
nation,Scotland,S92000003,2023-03-10,5,17031
nation,Scotland,S92000003,2023-03-09,7,17026
nation,Scotland,S92000003,2023-03-08,11,17019
nation,Scotland,S92000003,2023-03-07,7,17008
nation,Scotland,S92000003,2023-03-06,10,17001
nation,Scotland,S92000003,2023-03-05,6,16991
nation,Scotland,S92000003,2023-03-04,10,16985
nation,Scotland,S92000003,2023-03-03,11,16975
nation,Scotland,S92000003,2023-03-02,10,16964
nation,Scotland,S92000003,2023-03-01,15,16954
nation,Scotland,S92000003,2023-02-28,2,16939
nation,Scotland,S92000003,2023-02-27,6,16937
nation,Scotland,S92000003,2023-02-26,5,16931
nation,Scotland,S92000003,2023-02-25,6,16926
nation,Scotland,S92000003,2023-02-24,7,16920
nation,Scotland,S92000003,2023-02-23,3,16913
nation,Scotland,S92000003,2023-02-22,2,16910
nation,Scotland,S92000003,2023-02-21,3,16908
nation,Scotland,S92000003,2023-02-20,11,16905
nation,Scotland,S92000003,2023-02-19,4,16894
nation,Scotland,S92000003,2023-02-18,6,16890
nation,Scotland,S92000003,2023-02-17,12,16884
nation,Scotland,S92000003,2023-02-16,6,16872
nation,Scotland,S92000003,2023-02-15,10,16866
nation,Scotland,S92000003,2023-02-14,5,16856
nation,Scotland,S92000003,2023-02-13,5,16851
nation,Scotland,S92000003,2023-02-12,11,16846
nation,Scotland,S92000003,2023-02-11,2,16835
nation,Scotland,S92000003,2023-02-10,4,16833
nation,Scotland,S92000003,2023-02-09,8,16829
nation,Scotland,S92000003,2023-02-08,6,16821
nation,Scotland,S92000003,2023-02-07,4,16815
nation,Scotland,S92000003,2023-02-06,4,16811
nation,Scotland,S92000003,2023-02-05,6,16807
nation,Scotland,S92000003,2023-02-04,8,16801
nation,Scotland,S92000003,2023-02-03,5,16793
nation,Scotland,S92000003,2023-02-02,5,16788
nation,Scotland,S92000003,2023-02-01,6,16783
nation,Scotland,S92000003,2023-01-31,4,16777
nation,Scotland,S92000003,2023-01-30,3,16773
nation,Scotland,S92000003,2023-01-29,5,16770
nation,Scotland,S92000003,2023-01-28,3,16765
nation,Scotland,S92000003,2023-01-27,4,16762
nation,Scotland,S92000003,2023-01-26,4,16758
nation,Scotland,S92000003,2023-01-25,7,16754
nation,Scotland,S92000003,2023-01-24,5,16747
nation,Scotland,S92000003,2023-01-23,7,16742
nation,Scotland,S92000003,2023-01-22,6,16735
nation,Scotland,S92000003,2023-01-21,7,16729
nation,Scotland,S92000003,2023-01-20,7,16722
nation,Scotland,S92000003,2023-01-19,8,16715
nation,Scotland,S92000003,2023-01-18,12,16707
nation,Scotland,S92000003,2023-01-17,11,16695
nation,Scotland,S92000003,2023-01-16,8,16684
nation,Scotland,S92000003,2023-01-15,14,16676
nation,Scotland,S92000003,2023-01-14,6,16662
nation,Scotland,S92000003,2023-01-13,9,16656
nation,Scotland,S92000003,2023-01-12,5,16647
nation,Scotland,S92000003,2023-01-11,13,16642
nation,Scotland,S92000003,2023-01-10,10,16629
nation,Scotland,S92000003,2023-01-09,17,16619
nation,Scotland,S92000003,2023-01-08,10,16602
nation,Scotland,S92000003,2023-01-07,14,16592
nation,Scotland,S92000003,2023-01-06,14,16578
nation,Scotland,S92000003,2023-01-05,15,16564
nation,Scotland,S92000003,2023-01-04,15,16549
nation,Scotland,S92000003,2023-01-03,15,16534
nation,Scotland,S92000003,2023-01-02,12,16519
nation,Scotland,S92000003,2023-01-01,9,16507
nation,Scotland,S92000003,2022-12-31,9,16498
nation,Scotland,S92000003,2022-12-30,9,16489
nation,Scotland,S92000003,2022-12-29,15,16480
nation,Scotland,S92000003,2022-12-28,10,16465
nation,Scotland,S92000003,2022-12-27,17,16455
nation,Scotland,S92000003,2022-12-26,15,16438
nation,Scotland,S92000003,2022-12-25,13,16423
nation,Scotland,S92000003,2022-12-24,19,16410
nation,Scotland,S92000003,2022-12-23,8,16391
nation,Scotland,S92000003,2022-12-22,13,16383
nation,Scotland,S92000003,2022-12-21,12,16370
nation,Scotland,S92000003,2022-12-20,11,16358
nation,Scotland,S92000003,2022-12-19,9,16347
nation,Scotland,S92000003,2022-12-18,8,16338
nation,Scotland,S92000003,2022-12-17,8,16330
nation,Scotland,S92000003,2022-12-16,8,16322
nation,Scotland,S92000003,2022-12-15,9,16314
nation,Scotland,S92000003,2022-12-14,12,16305
nation,Scotland,S92000003,2022-12-13,4,16293
nation,Scotland,S92000003,2022-12-12,9,16289
nation,Scotland,S92000003,2022-12-11,6,16280
nation,Scotland,S92000003,2022-12-10,6,16274
nation,Scotland,S92000003,2022-12-09,7,16268
nation,Scotland,S92000003,2022-12-08,6,16261
nation,Scotland,S92000003,2022-12-07,4,16255
nation,Scotland,S92000003,2022-12-06,7,16251
nation,Scotland,S92000003,2022-12-05,4,16244
nation,Scotland,S92000003,2022-12-04,9,16240
nation,Scotland,S92000003,2022-12-03,4,16231
nation,Scotland,S92000003,2022-12-02,6,16227
nation,Scotland,S92000003,2022-12-01,5,16221
nation,Scotland,S92000003,2022-11-30,6,16216
nation,Scotland,S92000003,2022-11-29,8,16210
nation,Scotland,S92000003,2022-11-28,7,16202
nation,Scotland,S92000003,2022-11-27,6,16195
nation,Scotland,S92000003,2022-11-26,6,16189
nation,Scotland,S92000003,2022-11-25,1,16183
nation,Scotland,S92000003,2022-11-24,7,16182
nation,Scotland,S92000003,2022-11-23,4,16175
nation,Scotland,S92000003,2022-11-22,9,16171
nation,Scotland,S92000003,2022-11-21,4,16162
nation,Scotland,S92000003,2022-11-20,5,16158
nation,Scotland,S92000003,2022-11-19,8,16153
nation,Scotland,S92000003,2022-11-18,4,16145
nation,Scotland,S92000003,2022-11-17,5,16141
nation,Scotland,S92000003,2022-11-16,5,16136
nation,Scotland,S92000003,2022-11-15,5,16131
nation,Scotland,S92000003,2022-11-14,5,16126
nation,Scotland,S92000003,2022-11-13,3,16121
nation,Scotland,S92000003,2022-11-12,8,16118
nation,Scotland,S92000003,2022-11-11,12,16110
nation,Scotland,S92000003,2022-11-10,5,16098
nation,Scotland,S92000003,2022-11-09,7,16093
nation,Scotland,S92000003,2022-11-08,4,16086
nation,Scotland,S92000003,2022-11-07,8,16082
nation,Scotland,S92000003,2022-11-06,4,16074
nation,Scotland,S92000003,2022-11-05,7,16070
nation,Scotland,S92000003,2022-11-04,12,16063
nation,Scotland,S92000003,2022-11-03,7,16051
nation,Scotland,S92000003,2022-11-02,8,16044
nation,Scotland,S92000003,2022-11-01,9,16036
nation,Scotland,S92000003,2022-10-31,9,16027
nation,Scotland,S92000003,2022-10-30,5,16018
nation,Scotland,S92000003,2022-10-29,6,16013
nation,Scotland,S92000003,2022-10-28,4,16007
nation,Scotland,S92000003,2022-10-27,3,16003
nation,Scotland,S92000003,2022-10-26,4,16000
nation,Scotland,S92000003,2022-10-25,9,15996
nation,Scotland,S92000003,2022-10-24,5,15987
nation,Scotland,S92000003,2022-10-23,7,15982
nation,Scotland,S92000003,2022-10-22,7,15975
nation,Scotland,S92000003,2022-10-21,10,15968
nation,Scotland,S92000003,2022-10-20,6,15958
nation,Scotland,S92000003,2022-10-19,8,15952
nation,Scotland,S92000003,2022-10-18,8,15944
nation,Scotland,S92000003,2022-10-17,7,15936
nation,Scotland,S92000003,2022-10-16,3,15929
nation,Scotland,S92000003,2022-10-15,9,15926
nation,Scotland,S92000003,2022-10-14,6,15917
nation,Scotland,S92000003,2022-10-13,5,15911
nation,Scotland,S92000003,2022-10-12,5,15906
nation,Scotland,S92000003,2022-10-11,4,15901
nation,Scotland,S92000003,2022-10-10,3,15897
nation,Scotland,S92000003,2022-10-09,7,15894
nation,Scotland,S92000003,2022-10-08,6,15887
nation,Scotland,S92000003,2022-10-07,8,15881
nation,Scotland,S92000003,2022-10-06,6,15873
nation,Scotland,S92000003,2022-10-05,9,15867
nation,Scotland,S92000003,2022-10-04,7,15858
nation,Scotland,S92000003,2022-10-03,6,15851
nation,Scotland,S92000003,2022-10-02,5,15845
nation,Scotland,S92000003,2022-10-01,8,15840
nation,Scotland,S92000003,2022-09-30,8,15832
nation,Scotland,S92000003,2022-09-29,8,15824
nation,Scotland,S92000003,2022-09-28,2,15816
nation,Scotland,S92000003,2022-09-27,8,15814
nation,Scotland,S92000003,2022-09-26,7,15806
nation,Scotland,S92000003,2022-09-25,6,15799
nation,Scotland,S92000003,2022-09-24,7,15793
nation,Scotland,S92000003,2022-09-23,9,15786
nation,Scotland,S92000003,2022-09-22,2,15777
nation,Scotland,S92000003,2022-09-21,3,15775
nation,Scotland,S92000003,2022-09-20,2,15772
nation,Scotland,S92000003,2022-09-19,5,15770
nation,Scotland,S92000003,2022-09-18,9,15765
nation,Scotland,S92000003,2022-09-17,7,15756
nation,Scotland,S92000003,2022-09-16,7,15749
nation,Scotland,S92000003,2022-09-15,4,15742
nation,Scotland,S92000003,2022-09-14,6,15738
nation,Scotland,S92000003,2022-09-13,2,15732
nation,Scotland,S92000003,2022-09-12,6,15730
nation,Scotland,S92000003,2022-09-11,7,15724
nation,Scotland,S92000003,2022-09-10,10,15717
nation,Scotland,S92000003,2022-09-09,4,15707
nation,Scotland,S92000003,2022-09-08,5,15703
nation,Scotland,S92000003,2022-09-07,2,15698
nation,Scotland,S92000003,2022-09-06,7,15696
nation,Scotland,S92000003,2022-09-05,4,15689
nation,Scotland,S92000003,2022-09-04,4,15685
nation,Scotland,S92000003,2022-09-03,8,15681
nation,Scotland,S92000003,2022-09-02,4,15673
nation,Scotland,S92000003,2022-09-01,8,15669
nation,Scotland,S92000003,2022-08-31,11,15661
nation,Scotland,S92000003,2022-08-30,3,15650
nation,Scotland,S92000003,2022-08-29,3,15647
nation,Scotland,S92000003,2022-08-28,6,15644
nation,Scotland,S92000003,2022-08-27,3,15638
nation,Scotland,S92000003,2022-08-26,6,15635
nation,Scotland,S92000003,2022-08-25,3,15629
nation,Scotland,S92000003,2022-08-24,7,15626
nation,Scotland,S92000003,2022-08-23,5,15619
nation,Scotland,S92000003,2022-08-22,4,15614
nation,Scotland,S92000003,2022-08-21,6,15610
nation,Scotland,S92000003,2022-08-20,5,15604
nation,Scotland,S92000003,2022-08-19,10,15599
nation,Scotland,S92000003,2022-08-18,5,15589
nation,Scotland,S92000003,2022-08-17,6,15584
nation,Scotland,S92000003,2022-08-16,4,15578
nation,Scotland,S92000003,2022-08-15,10,15574
nation,Scotland,S92000003,2022-08-14,12,15564
nation,Scotland,S92000003,2022-08-13,3,15552
nation,Scotland,S92000003,2022-08-12,7,15549
nation,Scotland,S92000003,2022-08-11,10,15542
nation,Scotland,S92000003,2022-08-10,4,15532
nation,Scotland,S92000003,2022-08-09,10,15528
nation,Scotland,S92000003,2022-08-08,15,15518
nation,Scotland,S92000003,2022-08-07,8,15503
nation,Scotland,S92000003,2022-08-06,7,15495
nation,Scotland,S92000003,2022-08-05,10,15488
nation,Scotland,S92000003,2022-08-04,9,15478
nation,Scotland,S92000003,2022-08-03,7,15469
nation,Scotland,S92000003,2022-08-02,11,15462
nation,Scotland,S92000003,2022-08-01,7,15451
nation,Scotland,S92000003,2022-07-31,13,15444
nation,Scotland,S92000003,2022-07-30,8,15431
nation,Scotland,S92000003,2022-07-29,7,15423
nation,Scotland,S92000003,2022-07-28,12,15416
nation,Scotland,S92000003,2022-07-27,7,15404
nation,Scotland,S92000003,2022-07-26,15,15397
nation,Scotland,S92000003,2022-07-25,10,15382
nation,Scotland,S92000003,2022-07-24,14,15372
nation,Scotland,S92000003,2022-07-23,15,15358
nation,Scotland,S92000003,2022-07-22,14,15343
nation,Scotland,S92000003,2022-07-21,16,15329
nation,Scotland,S92000003,2022-07-20,11,15313
nation,Scotland,S92000003,2022-07-19,10,15302
nation,Scotland,S92000003,2022-07-18,12,15292
nation,Scotland,S92000003,2022-07-17,15,15280
nation,Scotland,S92000003,2022-07-16,12,15265
nation,Scotland,S92000003,2022-07-15,7,15253
nation,Scotland,S92000003,2022-07-14,10,15246
nation,Scotland,S92000003,2022-07-13,15,15236
nation,Scotland,S92000003,2022-07-12,13,15221
nation,Scotland,S92000003,2022-07-11,16,15208
nation,Scotland,S92000003,2022-07-10,15,15192
nation,Scotland,S92000003,2022-07-09,10,15177
nation,Scotland,S92000003,2022-07-08,15,15167
nation,Scotland,S92000003,2022-07-07,10,15152
nation,Scotland,S92000003,2022-07-06,16,15142
nation,Scotland,S92000003,2022-07-05,12,15126
nation,Scotland,S92000003,2022-07-04,13,15114
nation,Scotland,S92000003,2022-07-03,8,15101
nation,Scotland,S92000003,2022-07-02,16,15093
nation,Scotland,S92000003,2022-07-01,9,15077
nation,Scotland,S92000003,2022-06-30,15,15068
nation,Scotland,S92000003,2022-06-29,8,15053
nation,Scotland,S92000003,2022-06-28,18,15045
nation,Scotland,S92000003,2022-06-27,12,15027
nation,Scotland,S92000003,2022-06-26,7,15015
nation,Scotland,S92000003,2022-06-25,8,15008
nation,Scotland,S92000003,2022-06-24,6,15000
nation,Scotland,S92000003,2022-06-23,11,14994
nation,Scotland,S92000003,2022-06-22,11,14983
nation,Scotland,S92000003,2022-06-21,15,14972
nation,Scotland,S92000003,2022-06-20,4,14957
nation,Scotland,S92000003,2022-06-19,9,14953
nation,Scotland,S92000003,2022-06-18,5,14944
nation,Scotland,S92000003,2022-06-17,5,14939
nation,Scotland,S92000003,2022-06-16,8,14934
nation,Scotland,S92000003,2022-06-15,6,14926
nation,Scotland,S92000003,2022-06-14,6,14920
nation,Scotland,S92000003,2022-06-13,8,14914
nation,Scotland,S92000003,2022-06-12,7,14906
nation,Scotland,S92000003,2022-06-11,4,14899
nation,Scotland,S92000003,2022-06-10,10,14895
nation,Scotland,S92000003,2022-06-09,5,14885
nation,Scotland,S92000003,2022-06-08,9,14880
nation,Scotland,S92000003,2022-06-07,4,14871
nation,Scotland,S92000003,2022-06-06,2,14867
nation,Scotland,S92000003,2022-06-05,4,14865
nation,Scotland,S92000003,2022-06-04,5,14861
nation,Scotland,S92000003,2022-06-03,3,14856
nation,Scotland,S92000003,2022-06-02,8,14853
nation,Scotland,S92000003,2022-06-01,0,14845
nation,Scotland,S92000003,2022-05-31,5,14845
nation,Scotland,S92000003,2022-05-30,5,14840
nation,Scotland,S92000003,2022-05-29,3,14835
nation,Scotland,S92000003,2022-05-28,2,14832
nation,Scotland,S92000003,2022-05-27,4,14830
nation,Scotland,S92000003,2022-05-26,3,14826
nation,Scotland,S92000003,2022-05-25,4,14823
nation,Scotland,S92000003,2022-05-24,9,14819
nation,Scotland,S92000003,2022-05-23,6,14810
nation,Scotland,S92000003,2022-05-22,7,14804
nation,Scotland,S92000003,2022-05-21,5,14797
nation,Scotland,S92000003,2022-05-20,11,14792
nation,Scotland,S92000003,2022-05-19,9,14781
nation,Scotland,S92000003,2022-05-18,3,14772
nation,Scotland,S92000003,2022-05-17,9,14769
nation,Scotland,S92000003,2022-05-16,10,14760
nation,Scotland,S92000003,2022-05-15,5,14750
nation,Scotland,S92000003,2022-05-14,5,14745
nation,Scotland,S92000003,2022-05-13,1,14740
nation,Scotland,S92000003,2022-05-12,9,14739
nation,Scotland,S92000003,2022-05-11,15,14730
nation,Scotland,S92000003,2022-05-10,7,14715
nation,Scotland,S92000003,2022-05-09,5,14708
nation,Scotland,S92000003,2022-05-08,7,14703
nation,Scotland,S92000003,2022-05-07,9,14696
nation,Scotland,S92000003,2022-05-06,7,14687
nation,Scotland,S92000003,2022-05-05,7,14680
nation,Scotland,S92000003,2022-05-04,8,14673
nation,Scotland,S92000003,2022-05-03,18,14665
nation,Scotland,S92000003,2022-05-02,12,14647
nation,Scotland,S92000003,2022-05-01,8,14635
nation,Scotland,S92000003,2022-04-30,11,14627
nation,Scotland,S92000003,2022-04-29,17,14616
nation,Scotland,S92000003,2022-04-28,11,14599
nation,Scotland,S92000003,2022-04-27,8,14588
nation,Scotland,S92000003,2022-04-26,17,14580
nation,Scotland,S92000003,2022-04-25,11,14563
nation,Scotland,S92000003,2022-04-24,10,14552
nation,Scotland,S92000003,2022-04-23,15,14542
nation,Scotland,S92000003,2022-04-22,14,14527
nation,Scotland,S92000003,2022-04-21,14,14513
nation,Scotland,S92000003,2022-04-20,14,14499
nation,Scotland,S92000003,2022-04-19,14,14485
nation,Scotland,S92000003,2022-04-18,13,14471
nation,Scotland,S92000003,2022-04-17,11,14458
nation,Scotland,S92000003,2022-04-16,13,14447
nation,Scotland,S92000003,2022-04-15,16,14434
nation,Scotland,S92000003,2022-04-14,22,14418
nation,Scotland,S92000003,2022-04-13,22,14396
nation,Scotland,S92000003,2022-04-12,23,14374
nation,Scotland,S92000003,2022-04-11,15,14351
nation,Scotland,S92000003,2022-04-10,21,14336
nation,Scotland,S92000003,2022-04-09,12,14315
nation,Scotland,S92000003,2022-04-08,26,14303
nation,Scotland,S92000003,2022-04-07,23,14277
nation,Scotland,S92000003,2022-04-06,18,14254
nation,Scotland,S92000003,2022-04-05,27,14236
nation,Scotland,S92000003,2022-04-04,23,14209
nation,Scotland,S92000003,2022-04-03,19,14186
nation,Scotland,S92000003,2022-04-02,14,14167
nation,Scotland,S92000003,2022-04-01,26,14153
nation,Scotland,S92000003,2022-03-31,24,14127
nation,Scotland,S92000003,2022-03-30,21,14103
nation,Scotland,S92000003,2022-03-29,30,14082
nation,Scotland,S92000003,2022-03-28,27,14052
nation,Scotland,S92000003,2022-03-27,20,14025
nation,Scotland,S92000003,2022-03-26,22,14005
nation,Scotland,S92000003,2022-03-25,23,13983
nation,Scotland,S92000003,2022-03-24,33,13960
nation,Scotland,S92000003,2022-03-23,24,13927
nation,Scotland,S92000003,2022-03-22,28,13903
nation,Scotland,S92000003,2022-03-21,27,13875
nation,Scotland,S92000003,2022-03-20,34,13848
nation,Scotland,S92000003,2022-03-19,31,13814
nation,Scotland,S92000003,2022-03-18,30,13783
nation,Scotland,S92000003,2022-03-17,26,13753
nation,Scotland,S92000003,2022-03-16,24,13727
nation,Scotland,S92000003,2022-03-15,15,13703
nation,Scotland,S92000003,2022-03-14,18,13688
nation,Scotland,S92000003,2022-03-13,21,13670
nation,Scotland,S92000003,2022-03-12,17,13649
nation,Scotland,S92000003,2022-03-11,13,13632
nation,Scotland,S92000003,2022-03-10,18,13619
nation,Scotland,S92000003,2022-03-09,14,13601
nation,Scotland,S92000003,2022-03-08,15,13587
nation,Scotland,S92000003,2022-03-07,19,13572
nation,Scotland,S92000003,2022-03-06,18,13553
nation,Scotland,S92000003,2022-03-05,11,13535
nation,Scotland,S92000003,2022-03-04,18,13524
nation,Scotland,S92000003,2022-03-03,19,13506
nation,Scotland,S92000003,2022-03-02,27,13487
nation,Scotland,S92000003,2022-03-01,14,13460
nation,Scotland,S92000003,2022-02-28,13,13446
nation,Scotland,S92000003,2022-02-27,18,13433
nation,Scotland,S92000003,2022-02-26,14,13415
nation,Scotland,S92000003,2022-02-25,11,13401
nation,Scotland,S92000003,2022-02-24,16,13390
nation,Scotland,S92000003,2022-02-23,17,13374
nation,Scotland,S92000003,2022-02-22,16,13357
nation,Scotland,S92000003,2022-02-21,11,13341
nation,Scotland,S92000003,2022-02-20,12,13330
nation,Scotland,S92000003,2022-02-19,8,13318
nation,Scotland,S92000003,2022-02-18,16,13310
nation,Scotland,S92000003,2022-02-17,11,13294
nation,Scotland,S92000003,2022-02-16,10,13283
nation,Scotland,S92000003,2022-02-15,13,13273
nation,Scotland,S92000003,2022-02-14,15,13260
nation,Scotland,S92000003,2022-02-13,9,13245
nation,Scotland,S92000003,2022-02-12,10,13236
nation,Scotland,S92000003,2022-02-11,5,13226
nation,Scotland,S92000003,2022-02-10,12,13221
nation,Scotland,S92000003,2022-02-09,10,13209
nation,Scotland,S92000003,2022-02-08,12,13199
nation,Scotland,S92000003,2022-02-07,8,13187
nation,Scotland,S92000003,2022-02-06,13,13179
nation,Scotland,S92000003,2022-02-05,12,13166
nation,Scotland,S92000003,2022-02-04,7,13154
nation,Scotland,S92000003,2022-02-03,15,13147
nation,Scotland,S92000003,2022-02-02,11,13132
nation,Scotland,S92000003,2022-02-01,18,13121
nation,Scotland,S92000003,2022-01-31,14,13103
nation,Scotland,S92000003,2022-01-30,13,13089
nation,Scotland,S92000003,2022-01-29,13,13076
nation,Scotland,S92000003,2022-01-28,21,13063
nation,Scotland,S92000003,2022-01-27,19,13042
nation,Scotland,S92000003,2022-01-26,12,13023
nation,Scotland,S92000003,2022-01-25,19,13011
nation,Scotland,S92000003,2022-01-24,14,12992
nation,Scotland,S92000003,2022-01-23,22,12978
nation,Scotland,S92000003,2022-01-22,17,12956
nation,Scotland,S92000003,2022-01-21,19,12939
nation,Scotland,S92000003,2022-01-20,21,12920
nation,Scotland,S92000003,2022-01-19,21,12899
nation,Scotland,S92000003,2022-01-18,14,12878
nation,Scotland,S92000003,2022-01-17,17,12864
nation,Scotland,S92000003,2022-01-16,19,12847
nation,Scotland,S92000003,2022-01-15,24,12828
nation,Scotland,S92000003,2022-01-14,20,12804
nation,Scotland,S92000003,2022-01-13,29,12784
nation,Scotland,S92000003,2022-01-12,16,12755
nation,Scotland,S92000003,2022-01-11,16,12739
nation,Scotland,S92000003,2022-01-10,25,12723
nation,Scotland,S92000003,2022-01-09,18,12698
nation,Scotland,S92000003,2022-01-08,14,12680
nation,Scotland,S92000003,2022-01-07,12,12666
nation,Scotland,S92000003,2022-01-06,20,12654
nation,Scotland,S92000003,2022-01-05,12,12634
nation,Scotland,S92000003,2022-01-04,24,12622
nation,Scotland,S92000003,2022-01-03,8,12598
nation,Scotland,S92000003,2022-01-02,10,12590
nation,Scotland,S92000003,2022-01-01,10,12580
nation,Scotland,S92000003,2021-12-31,10,12570
nation,Scotland,S92000003,2021-12-30,10,12560
nation,Scotland,S92000003,2021-12-29,11,12550
nation,Scotland,S92000003,2021-12-28,19,12539
nation,Scotland,S92000003,2021-12-27,8,12520
nation,Scotland,S92000003,2021-12-26,4,12512
nation,Scotland,S92000003,2021-12-25,8,12508
nation,Scotland,S92000003,2021-12-24,6,12500
nation,Scotland,S92000003,2021-12-23,6,12494
nation,Scotland,S92000003,2021-12-22,8,12488
nation,Scotland,S92000003,2021-12-21,15,12480
nation,Scotland,S92000003,2021-12-20,13,12465
nation,Scotland,S92000003,2021-12-19,6,12452
nation,Scotland,S92000003,2021-12-18,5,12446
nation,Scotland,S92000003,2021-12-17,4,12441
nation,Scotland,S92000003,2021-12-16,10,12437
nation,Scotland,S92000003,2021-12-15,6,12427
nation,Scotland,S92000003,2021-12-14,10,12421
nation,Scotland,S92000003,2021-12-13,7,12411
nation,Scotland,S92000003,2021-12-12,9,12404
nation,Scotland,S92000003,2021-12-11,9,12395
nation,Scotland,S92000003,2021-12-10,9,12386
nation,Scotland,S92000003,2021-12-09,11,12377
nation,Scotland,S92000003,2021-12-08,10,12366
nation,Scotland,S92000003,2021-12-07,21,12356
nation,Scotland,S92000003,2021-12-06,17,12335
nation,Scotland,S92000003,2021-12-05,10,12318
nation,Scotland,S92000003,2021-12-04,14,12308
nation,Scotland,S92000003,2021-12-03,10,12294
nation,Scotland,S92000003,2021-12-02,15,12284
nation,Scotland,S92000003,2021-12-01,14,12269
nation,Scotland,S92000003,2021-11-30,5,12255
nation,Scotland,S92000003,2021-11-29,17,12250
nation,Scotland,S92000003,2021-11-28,18,12233
nation,Scotland,S92000003,2021-11-27,18,12215
nation,Scotland,S92000003,2021-11-26,14,12197
nation,Scotland,S92000003,2021-11-25,11,12183
nation,Scotland,S92000003,2021-11-24,6,12172
nation,Scotland,S92000003,2021-11-23,14,12166
nation,Scotland,S92000003,2021-11-22,17,12152
nation,Scotland,S92000003,2021-11-21,11,12135
nation,Scotland,S92000003,2021-11-20,12,12124
nation,Scotland,S92000003,2021-11-19,11,12112
nation,Scotland,S92000003,2021-11-18,12,12101
nation,Scotland,S92000003,2021-11-17,14,12089
nation,Scotland,S92000003,2021-11-16,11,12075
nation,Scotland,S92000003,2021-11-15,18,12064
nation,Scotland,S92000003,2021-11-14,15,12046
nation,Scotland,S92000003,2021-11-13,12,12031
nation,Scotland,S92000003,2021-11-12,17,12019
nation,Scotland,S92000003,2021-11-11,12,12002
nation,Scotland,S92000003,2021-11-10,14,11990
nation,Scotland,S92000003,2021-11-09,7,11976
nation,Scotland,S92000003,2021-11-08,15,11969
nation,Scotland,S92000003,2021-11-07,16,11954
nation,Scotland,S92000003,2021-11-06,19,11938
nation,Scotland,S92000003,2021-11-05,17,11919
nation,Scotland,S92000003,2021-11-04,23,11902
nation,Scotland,S92000003,2021-11-03,22,11879
nation,Scotland,S92000003,2021-11-02,16,11857
nation,Scotland,S92000003,2021-11-01,29,11841
nation,Scotland,S92000003,2021-10-31,15,11812
nation,Scotland,S92000003,2021-10-30,18,11797
nation,Scotland,S92000003,2021-10-29,24,11779
nation,Scotland,S92000003,2021-10-28,23,11755
nation,Scotland,S92000003,2021-10-27,14,11732
nation,Scotland,S92000003,2021-10-26,23,11718
nation,Scotland,S92000003,2021-10-25,14,11695
nation,Scotland,S92000003,2021-10-24,26,11681
nation,Scotland,S92000003,2021-10-23,25,11655
nation,Scotland,S92000003,2021-10-22,18,11630
nation,Scotland,S92000003,2021-10-21,23,11612
nation,Scotland,S92000003,2021-10-20,19,11589
nation,Scotland,S92000003,2021-10-19,14,11570
nation,Scotland,S92000003,2021-10-18,16,11556
nation,Scotland,S92000003,2021-10-17,16,11540
nation,Scotland,S92000003,2021-10-16,21,11524
nation,Scotland,S92000003,2021-10-15,14,11503
nation,Scotland,S92000003,2021-10-14,21,11489
nation,Scotland,S92000003,2021-10-13,17,11468
nation,Scotland,S92000003,2021-10-12,20,11451
nation,Scotland,S92000003,2021-10-11,27,11431
nation,Scotland,S92000003,2021-10-10,17,11404
nation,Scotland,S92000003,2021-10-09,15,11387
nation,Scotland,S92000003,2021-10-08,13,11372
nation,Scotland,S92000003,2021-10-07,20,11359
nation,Scotland,S92000003,2021-10-06,13,11339
nation,Scotland,S92000003,2021-10-05,28,11326
nation,Scotland,S92000003,2021-10-04,16,11298
nation,Scotland,S92000003,2021-10-03,18,11282
nation,Scotland,S92000003,2021-10-02,24,11264
nation,Scotland,S92000003,2021-10-01,19,11240
nation,Scotland,S92000003,2021-09-30,16,11221
nation,Scotland,S92000003,2021-09-29,24,11205
nation,Scotland,S92000003,2021-09-28,20,11181
nation,Scotland,S92000003,2021-09-27,25,11161
nation,Scotland,S92000003,2021-09-26,18,11136
nation,Scotland,S92000003,2021-09-25,22,11118
nation,Scotland,S92000003,2021-09-24,22,11096
nation,Scotland,S92000003,2021-09-23,20,11074
nation,Scotland,S92000003,2021-09-22,30,11054
nation,Scotland,S92000003,2021-09-21,24,11024
nation,Scotland,S92000003,2021-09-20,24,11000
nation,Scotland,S92000003,2021-09-19,30,10976
nation,Scotland,S92000003,2021-09-18,23,10946
nation,Scotland,S92000003,2021-09-17,23,10923
nation,Scotland,S92000003,2021-09-16,19,10900
nation,Scotland,S92000003,2021-09-15,19,10881
nation,Scotland,S92000003,2021-09-14,24,10862
nation,Scotland,S92000003,2021-09-13,21,10838
nation,Scotland,S92000003,2021-09-12,20,10817
nation,Scotland,S92000003,2021-09-11,20,10797
nation,Scotland,S92000003,2021-09-10,24,10777
nation,Scotland,S92000003,2021-09-09,19,10753
nation,Scotland,S92000003,2021-09-08,11,10734
nation,Scotland,S92000003,2021-09-07,19,10723
nation,Scotland,S92000003,2021-09-06,14,10704
nation,Scotland,S92000003,2021-09-05,17,10690
nation,Scotland,S92000003,2021-09-04,10,10673
nation,Scotland,S92000003,2021-09-03,11,10663
nation,Scotland,S92000003,2021-09-02,10,10652
nation,Scotland,S92000003,2021-09-01,9,10642
nation,Scotland,S92000003,2021-08-31,10,10633
nation,Scotland,S92000003,2021-08-30,5,10623
nation,Scotland,S92000003,2021-08-29,8,10618
nation,Scotland,S92000003,2021-08-28,9,10610
nation,Scotland,S92000003,2021-08-27,11,10601
nation,Scotland,S92000003,2021-08-26,7,10590
nation,Scotland,S92000003,2021-08-25,7,10583
nation,Scotland,S92000003,2021-08-24,4,10576
nation,Scotland,S92000003,2021-08-23,9,10572
nation,Scotland,S92000003,2021-08-22,6,10563
nation,Scotland,S92000003,2021-08-21,5,10557
nation,Scotland,S92000003,2021-08-20,8,10552
nation,Scotland,S92000003,2021-08-19,7,10544
nation,Scotland,S92000003,2021-08-18,7,10537
nation,Scotland,S92000003,2021-08-17,4,10530
nation,Scotland,S92000003,2021-08-16,4,10526
nation,Scotland,S92000003,2021-08-15,7,10522
nation,Scotland,S92000003,2021-08-14,8,10515
nation,Scotland,S92000003,2021-08-13,10,10507
nation,Scotland,S92000003,2021-08-12,3,10497
nation,Scotland,S92000003,2021-08-11,5,10494
nation,Scotland,S92000003,2021-08-10,5,10489
nation,Scotland,S92000003,2021-08-09,6,10484
nation,Scotland,S92000003,2021-08-08,7,10478
nation,Scotland,S92000003,2021-08-07,9,10471
nation,Scotland,S92000003,2021-08-06,7,10462
nation,Scotland,S92000003,2021-08-05,7,10455
nation,Scotland,S92000003,2021-08-04,7,10448
nation,Scotland,S92000003,2021-08-03,3,10441
nation,Scotland,S92000003,2021-08-02,7,10438
nation,Scotland,S92000003,2021-08-01,12,10431
nation,Scotland,S92000003,2021-07-31,7,10419
nation,Scotland,S92000003,2021-07-30,7,10412
nation,Scotland,S92000003,2021-07-29,6,10405
nation,Scotland,S92000003,2021-07-28,7,10399
nation,Scotland,S92000003,2021-07-27,9,10392
nation,Scotland,S92000003,2021-07-26,6,10383
nation,Scotland,S92000003,2021-07-25,5,10377
nation,Scotland,S92000003,2021-07-24,2,10372
nation,Scotland,S92000003,2021-07-23,8,10370
nation,Scotland,S92000003,2021-07-22,8,10362
nation,Scotland,S92000003,2021-07-21,9,10354
nation,Scotland,S92000003,2021-07-20,6,10345
nation,Scotland,S92000003,2021-07-19,9,10339
nation,Scotland,S92000003,2021-07-18,9,10330
nation,Scotland,S92000003,2021-07-17,6,10321
nation,Scotland,S92000003,2021-07-16,5,10315
nation,Scotland,S92000003,2021-07-15,8,10310
nation,Scotland,S92000003,2021-07-14,7,10302
nation,Scotland,S92000003,2021-07-13,8,10295
nation,Scotland,S92000003,2021-07-12,7,10287
nation,Scotland,S92000003,2021-07-11,5,10280
nation,Scotland,S92000003,2021-07-10,9,10275
nation,Scotland,S92000003,2021-07-09,8,10266
nation,Scotland,S92000003,2021-07-08,11,10258
nation,Scotland,S92000003,2021-07-07,6,10247
nation,Scotland,S92000003,2021-07-06,13,10241
nation,Scotland,S92000003,2021-07-05,6,10228
nation,Scotland,S92000003,2021-07-04,5,10222
nation,Scotland,S92000003,2021-07-03,2,10217
nation,Scotland,S92000003,2021-07-02,3,10215
nation,Scotland,S92000003,2021-07-01,2,10212
nation,Scotland,S92000003,2021-06-30,3,10210
nation,Scotland,S92000003,2021-06-29,3,10207
nation,Scotland,S92000003,2021-06-28,5,10204
nation,Scotland,S92000003,2021-06-27,4,10199
nation,Scotland,S92000003,2021-06-26,7,10195
nation,Scotland,S92000003,2021-06-25,1,10188
nation,Scotland,S92000003,2021-06-24,3,10187
nation,Scotland,S92000003,2021-06-23,1,10184
nation,Scotland,S92000003,2021-06-22,5,10183
nation,Scotland,S92000003,2021-06-21,1,10178
nation,Scotland,S92000003,2021-06-20,2,10177
nation,Scotland,S92000003,2021-06-19,2,10175
nation,Scotland,S92000003,2021-06-18,3,10173
nation,Scotland,S92000003,2021-06-17,2,10170
nation,Scotland,S92000003,2021-06-16,1,10168
nation,Scotland,S92000003,2021-06-15,6,10167
nation,Scotland,S92000003,2021-06-14,1,10161
nation,Scotland,S92000003,2021-06-13,3,10160
nation,Scotland,S92000003,2021-06-12,0,10157
nation,Scotland,S92000003,2021-06-11,1,10157
nation,Scotland,S92000003,2021-06-10,0,10156
nation,Scotland,S92000003,2021-06-09,3,10156
nation,Scotland,S92000003,2021-06-08,1,10153
nation,Scotland,S92000003,2021-06-07,1,10152
nation,Scotland,S92000003,2021-06-06,1,10151
nation,Scotland,S92000003,2021-06-05,1,10150
nation,Scotland,S92000003,2021-06-04,1,10149
nation,Scotland,S92000003,2021-06-03,2,10148
nation,Scotland,S92000003,2021-06-02,1,10146
nation,Scotland,S92000003,2021-06-01,1,10145
nation,Scotland,S92000003,2021-05-31,0,10144
nation,Scotland,S92000003,2021-05-30,1,10144
nation,Scotland,S92000003,2021-05-29,3,10143
nation,Scotland,S92000003,2021-05-28,1,10140
nation,Scotland,S92000003,2021-05-27,0,10139
nation,Scotland,S92000003,2021-05-26,1,10139
nation,Scotland,S92000003,2021-05-25,2,10138
nation,Scotland,S92000003,2021-05-24,1,10136
nation,Scotland,S92000003,2021-05-23,1,10135
nation,Scotland,S92000003,2021-05-22,1,10134
nation,Scotland,S92000003,2021-05-21,0,10133
nation,Scotland,S92000003,2021-05-20,1,10133
nation,Scotland,S92000003,2021-05-19,0,10132
nation,Scotland,S92000003,2021-05-18,0,10132
nation,Scotland,S92000003,2021-05-17,2,10132
nation,Scotland,S92000003,2021-05-16,1,10130
nation,Scotland,S92000003,2021-05-15,0,10129
nation,Scotland,S92000003,2021-05-14,2,10129
nation,Scotland,S92000003,2021-05-13,2,10127
nation,Scotland,S92000003,2021-05-12,2,10125
nation,Scotland,S92000003,2021-05-11,0,10123
nation,Scotland,S92000003,2021-05-10,1,10123
nation,Scotland,S92000003,2021-05-09,0,10122
nation,Scotland,S92000003,2021-05-08,0,10122
nation,Scotland,S92000003,2021-05-07,0,10122
nation,Scotland,S92000003,2021-05-06,1,10122
nation,Scotland,S92000003,2021-05-05,1,10121
nation,Scotland,S92000003,2021-05-04,1,10120
nation,Scotland,S92000003,2021-05-03,0,10119
nation,Scotland,S92000003,2021-05-02,2,10119
nation,Scotland,S92000003,2021-05-01,1,10117
nation,Scotland,S92000003,2021-04-30,0,10116
nation,Scotland,S92000003,2021-04-29,2,10116
nation,Scotland,S92000003,2021-04-28,2,10114
nation,Scotland,S92000003,2021-04-27,1,10112
nation,Scotland,S92000003,2021-04-26,2,10111
nation,Scotland,S92000003,2021-04-25,3,10109
nation,Scotland,S92000003,2021-04-24,2,10106
nation,Scotland,S92000003,2021-04-23,3,10104
nation,Scotland,S92000003,2021-04-22,2,10101
nation,Scotland,S92000003,2021-04-21,7,10099
nation,Scotland,S92000003,2021-04-20,3,10092
nation,Scotland,S92000003,2021-04-19,3,10089
nation,Scotland,S92000003,2021-04-18,1,10086
nation,Scotland,S92000003,2021-04-17,4,10085
nation,Scotland,S92000003,2021-04-16,1,10081
nation,Scotland,S92000003,2021-04-15,4,10080
nation,Scotland,S92000003,2021-04-14,2,10076
nation,Scotland,S92000003,2021-04-13,6,10074
nation,Scotland,S92000003,2021-04-12,0,10068
nation,Scotland,S92000003,2021-04-11,4,10068
nation,Scotland,S92000003,2021-04-10,5,10064
nation,Scotland,S92000003,2021-04-09,2,10059
nation,Scotland,S92000003,2021-04-08,4,10057
nation,Scotland,S92000003,2021-04-07,5,10053
nation,Scotland,S92000003,2021-04-06,3,10048
nation,Scotland,S92000003,2021-04-05,5,10045
nation,Scotland,S92000003,2021-04-04,0,10040
nation,Scotland,S92000003,2021-04-03,4,10040
nation,Scotland,S92000003,2021-04-02,5,10036
nation,Scotland,S92000003,2021-04-01,6,10031
nation,Scotland,S92000003,2021-03-31,6,10025
nation,Scotland,S92000003,2021-03-30,5,10019
nation,Scotland,S92000003,2021-03-29,7,10014
nation,Scotland,S92000003,2021-03-28,6,10007
nation,Scotland,S92000003,2021-03-27,5,10001
nation,Scotland,S92000003,2021-03-26,8,9996
nation,Scotland,S92000003,2021-03-25,9,9988
nation,Scotland,S92000003,2021-03-24,6,9979
nation,Scotland,S92000003,2021-03-23,9,9973
nation,Scotland,S92000003,2021-03-22,9,9964
nation,Scotland,S92000003,2021-03-21,10,9955
nation,Scotland,S92000003,2021-03-20,8,9945
nation,Scotland,S92000003,2021-03-19,11,9937
nation,Scotland,S92000003,2021-03-18,6,9926
nation,Scotland,S92000003,2021-03-17,12,9920
nation,Scotland,S92000003,2021-03-16,13,9908
nation,Scotland,S92000003,2021-03-15,7,9895
nation,Scotland,S92000003,2021-03-14,15,9888
nation,Scotland,S92000003,2021-03-13,6,9873
nation,Scotland,S92000003,2021-03-12,9,9867
nation,Scotland,S92000003,2021-03-11,11,9858
nation,Scotland,S92000003,2021-03-10,5,9847
nation,Scotland,S92000003,2021-03-09,14,9842
nation,Scotland,S92000003,2021-03-08,22,9828
nation,Scotland,S92000003,2021-03-07,11,9806
nation,Scotland,S92000003,2021-03-06,12,9795
nation,Scotland,S92000003,2021-03-05,12,9783
nation,Scotland,S92000003,2021-03-04,16,9771
nation,Scotland,S92000003,2021-03-03,14,9755
nation,Scotland,S92000003,2021-03-02,18,9741
nation,Scotland,S92000003,2021-03-01,23,9723
nation,Scotland,S92000003,2021-02-28,12,9700
nation,Scotland,S92000003,2021-02-27,27,9688
nation,Scotland,S92000003,2021-02-26,19,9661
nation,Scotland,S92000003,2021-02-25,23,9642
nation,Scotland,S92000003,2021-02-24,24,9619
nation,Scotland,S92000003,2021-02-23,22,9595
nation,Scotland,S92000003,2021-02-22,26,9573
nation,Scotland,S92000003,2021-02-21,28,9547
nation,Scotland,S92000003,2021-02-20,36,9519
nation,Scotland,S92000003,2021-02-19,50,9483
nation,Scotland,S92000003,2021-02-18,41,9433
nation,Scotland,S92000003,2021-02-17,35,9392
nation,Scotland,S92000003,2021-02-16,34,9357
nation,Scotland,S92000003,2021-02-15,41,9323
nation,Scotland,S92000003,2021-02-14,42,9282
nation,Scotland,S92000003,2021-02-13,35,9240
nation,Scotland,S92000003,2021-02-12,47,9205
nation,Scotland,S92000003,2021-02-11,45,9158
nation,Scotland,S92000003,2021-02-10,42,9113
nation,Scotland,S92000003,2021-02-09,58,9071
nation,Scotland,S92000003,2021-02-08,44,9013
nation,Scotland,S92000003,2021-02-07,48,8969
nation,Scotland,S92000003,2021-02-06,52,8921
nation,Scotland,S92000003,2021-02-05,50,8869
nation,Scotland,S92000003,2021-02-04,40,8819
nation,Scotland,S92000003,2021-02-03,52,8779
nation,Scotland,S92000003,2021-02-02,51,8727
nation,Scotland,S92000003,2021-02-01,49,8676
nation,Scotland,S92000003,2021-01-31,51,8627
nation,Scotland,S92000003,2021-01-30,50,8576
nation,Scotland,S92000003,2021-01-29,62,8526
nation,Scotland,S92000003,2021-01-28,51,8464
nation,Scotland,S92000003,2021-01-27,64,8413
nation,Scotland,S92000003,2021-01-26,54,8349
nation,Scotland,S92000003,2021-01-25,56,8295
nation,Scotland,S92000003,2021-01-24,74,8239
nation,Scotland,S92000003,2021-01-23,57,8165
nation,Scotland,S92000003,2021-01-22,77,8108
nation,Scotland,S92000003,2021-01-21,67,8031
nation,Scotland,S92000003,2021-01-20,68,7964
nation,Scotland,S92000003,2021-01-19,77,7896
nation,Scotland,S92000003,2021-01-18,72,7819
nation,Scotland,S92000003,2021-01-17,50,7747
nation,Scotland,S92000003,2021-01-16,77,7697
nation,Scotland,S92000003,2021-01-15,64,7620
nation,Scotland,S92000003,2021-01-14,64,7556
nation,Scotland,S92000003,2021-01-13,53,7492
nation,Scotland,S92000003,2021-01-12,57,7439
nation,Scotland,S92000003,2021-01-11,54,7382
nation,Scotland,S92000003,2021-01-10,64,7328
nation,Scotland,S92000003,2021-01-09,39,7264
nation,Scotland,S92000003,2021-01-08,50,7225
nation,Scotland,S92000003,2021-01-07,48,7175
nation,Scotland,S92000003,2021-01-06,55,7127
nation,Scotland,S92000003,2021-01-05,44,7072
nation,Scotland,S92000003,2021-01-04,41,7028
nation,Scotland,S92000003,2021-01-03,48,6987
nation,Scotland,S92000003,2021-01-02,49,6939
nation,Scotland,S92000003,2021-01-01,37,6890
nation,Scotland,S92000003,2020-12-31,42,6853
nation,Scotland,S92000003,2020-12-30,36,6811
nation,Scotland,S92000003,2020-12-29,32,6775
nation,Scotland,S92000003,2020-12-28,32,6743
nation,Scotland,S92000003,2020-12-27,41,6711
nation,Scotland,S92000003,2020-12-26,35,6670
nation,Scotland,S92000003,2020-12-25,42,6635
nation,Scotland,S92000003,2020-12-24,42,6593
nation,Scotland,S92000003,2020-12-23,36,6551
nation,Scotland,S92000003,2020-12-22,31,6515
nation,Scotland,S92000003,2020-12-21,30,6484
nation,Scotland,S92000003,2020-12-20,32,6454
nation,Scotland,S92000003,2020-12-19,31,6422
nation,Scotland,S92000003,2020-12-18,25,6391
nation,Scotland,S92000003,2020-12-17,39,6366
nation,Scotland,S92000003,2020-12-16,34,6327
nation,Scotland,S92000003,2020-12-15,38,6293
nation,Scotland,S92000003,2020-12-14,38,6255
nation,Scotland,S92000003,2020-12-13,26,6217
nation,Scotland,S92000003,2020-12-12,26,6191
nation,Scotland,S92000003,2020-12-11,23,6165
nation,Scotland,S92000003,2020-12-10,32,6142
nation,Scotland,S92000003,2020-12-09,27,6110
nation,Scotland,S92000003,2020-12-08,33,6083
nation,Scotland,S92000003,2020-12-07,34,6050
nation,Scotland,S92000003,2020-12-06,29,6016
nation,Scotland,S92000003,2020-12-05,21,5987
nation,Scotland,S92000003,2020-12-04,33,5966
nation,Scotland,S92000003,2020-12-03,40,5933
nation,Scotland,S92000003,2020-12-02,26,5893
nation,Scotland,S92000003,2020-12-01,28,5867
nation,Scotland,S92000003,2020-11-30,41,5839
nation,Scotland,S92000003,2020-11-29,31,5798
nation,Scotland,S92000003,2020-11-28,43,5767
nation,Scotland,S92000003,2020-11-27,30,5724
nation,Scotland,S92000003,2020-11-26,29,5694
nation,Scotland,S92000003,2020-11-25,38,5665
nation,Scotland,S92000003,2020-11-24,33,5627
nation,Scotland,S92000003,2020-11-23,37,5594
nation,Scotland,S92000003,2020-11-22,42,5557
nation,Scotland,S92000003,2020-11-21,36,5515
nation,Scotland,S92000003,2020-11-20,33,5479
nation,Scotland,S92000003,2020-11-19,29,5446
nation,Scotland,S92000003,2020-11-18,28,5417
nation,Scotland,S92000003,2020-11-17,38,5389
nation,Scotland,S92000003,2020-11-16,34,5351
nation,Scotland,S92000003,2020-11-15,36,5317
nation,Scotland,S92000003,2020-11-14,46,5281
nation,Scotland,S92000003,2020-11-13,41,5235
nation,Scotland,S92000003,2020-11-12,33,5194
nation,Scotland,S92000003,2020-11-11,39,5161
nation,Scotland,S92000003,2020-11-10,41,5122
nation,Scotland,S92000003,2020-11-09,43,5081
nation,Scotland,S92000003,2020-11-08,40,5038
nation,Scotland,S92000003,2020-11-07,38,4998
nation,Scotland,S92000003,2020-11-06,30,4960
nation,Scotland,S92000003,2020-11-05,45,4930
nation,Scotland,S92000003,2020-11-04,22,4885
nation,Scotland,S92000003,2020-11-03,33,4863
nation,Scotland,S92000003,2020-11-02,29,4830
nation,Scotland,S92000003,2020-11-01,38,4801
nation,Scotland,S92000003,2020-10-31,27,4763
nation,Scotland,S92000003,2020-10-30,36,4736
nation,Scotland,S92000003,2020-10-29,30,4700
nation,Scotland,S92000003,2020-10-28,30,4670
nation,Scotland,S92000003,2020-10-27,21,4640
nation,Scotland,S92000003,2020-10-26,32,4619
nation,Scotland,S92000003,2020-10-25,22,4587
nation,Scotland,S92000003,2020-10-24,21,4565
nation,Scotland,S92000003,2020-10-23,19,4544
nation,Scotland,S92000003,2020-10-22,20,4525
nation,Scotland,S92000003,2020-10-21,15,4505
nation,Scotland,S92000003,2020-10-20,19,4490
nation,Scotland,S92000003,2020-10-19,18,4471
nation,Scotland,S92000003,2020-10-18,21,4453
nation,Scotland,S92000003,2020-10-17,10,4432
nation,Scotland,S92000003,2020-10-16,24,4422
nation,Scotland,S92000003,2020-10-15,16,4398
nation,Scotland,S92000003,2020-10-14,6,4382
nation,Scotland,S92000003,2020-10-13,14,4376
nation,Scotland,S92000003,2020-10-12,11,4362
nation,Scotland,S92000003,2020-10-11,12,4351
nation,Scotland,S92000003,2020-10-10,14,4339
nation,Scotland,S92000003,2020-10-09,7,4325
nation,Scotland,S92000003,2020-10-08,11,4318
nation,Scotland,S92000003,2020-10-07,10,4307
nation,Scotland,S92000003,2020-10-06,7,4297
nation,Scotland,S92000003,2020-10-05,1,4290
nation,Scotland,S92000003,2020-10-04,3,4289
nation,Scotland,S92000003,2020-10-03,3,4286
nation,Scotland,S92000003,2020-10-02,1,4283
nation,Scotland,S92000003,2020-10-01,6,4282
nation,Scotland,S92000003,2020-09-30,4,4276
nation,Scotland,S92000003,2020-09-29,1,4272
nation,Scotland,S92000003,2020-09-28,3,4271
nation,Scotland,S92000003,2020-09-27,3,4268
nation,Scotland,S92000003,2020-09-26,2,4265
nation,Scotland,S92000003,2020-09-25,1,4263
nation,Scotland,S92000003,2020-09-24,1,4262
nation,Scotland,S92000003,2020-09-23,2,4261
nation,Scotland,S92000003,2020-09-22,3,4259
nation,Scotland,S92000003,2020-09-21,2,4256
nation,Scotland,S92000003,2020-09-20,4,4254
nation,Scotland,S92000003,2020-09-19,0,4250
nation,Scotland,S92000003,2020-09-18,3,4250
nation,Scotland,S92000003,2020-09-17,1,4247
nation,Scotland,S92000003,2020-09-16,0,4246
nation,Scotland,S92000003,2020-09-15,0,4246
nation,Scotland,S92000003,2020-09-14,3,4246
nation,Scotland,S92000003,2020-09-13,1,4243
nation,Scotland,S92000003,2020-09-12,2,4242
nation,Scotland,S92000003,2020-09-11,1,4240
nation,Scotland,S92000003,2020-09-10,0,4239
nation,Scotland,S92000003,2020-09-09,3,4239
nation,Scotland,S92000003,2020-09-08,0,4236
nation,Scotland,S92000003,2020-09-07,0,4236
nation,Scotland,S92000003,2020-09-06,0,4236
nation,Scotland,S92000003,2020-09-05,1,4236
nation,Scotland,S92000003,2020-09-04,1,4235
nation,Scotland,S92000003,2020-09-03,1,4234
nation,Scotland,S92000003,2020-09-02,1,4233
nation,Scotland,S92000003,2020-09-01,0,4232
nation,Scotland,S92000003,2020-08-31,0,4232
nation,Scotland,S92000003,2020-08-30,1,4232
nation,Scotland,S92000003,2020-08-29,0,4231
nation,Scotland,S92000003,2020-08-28,1,4231
nation,Scotland,S92000003,2020-08-27,1,4230
nation,Scotland,S92000003,2020-08-26,1,4229
nation,Scotland,S92000003,2020-08-25,1,4228
nation,Scotland,S92000003,2020-08-24,0,4227
nation,Scotland,S92000003,2020-08-23,1,4227
nation,Scotland,S92000003,2020-08-22,1,4226
nation,Scotland,S92000003,2020-08-21,0,4225
nation,Scotland,S92000003,2020-08-20,0,4225
nation,Scotland,S92000003,2020-08-19,2,4225
nation,Scotland,S92000003,2020-08-18,1,4223
nation,Scotland,S92000003,2020-08-17,1,4222
nation,Scotland,S92000003,2020-08-16,1,4221
nation,Scotland,S92000003,2020-08-15,1,4220
nation,Scotland,S92000003,2020-08-14,0,4219
nation,Scotland,S92000003,2020-08-13,1,4219
nation,Scotland,S92000003,2020-08-12,0,4218
nation,Scotland,S92000003,2020-08-11,0,4218
nation,Scotland,S92000003,2020-08-10,0,4218
nation,Scotland,S92000003,2020-08-09,0,4218
nation,Scotland,S92000003,2020-08-08,0,4218
nation,Scotland,S92000003,2020-08-07,0,4218
nation,Scotland,S92000003,2020-08-06,1,4218
nation,Scotland,S92000003,2020-08-05,2,4217
nation,Scotland,S92000003,2020-08-04,1,4215
nation,Scotland,S92000003,2020-08-03,1,4214
nation,Scotland,S92000003,2020-08-02,0,4213
nation,Scotland,S92000003,2020-08-01,0,4213
nation,Scotland,S92000003,2020-07-31,0,4213
nation,Scotland,S92000003,2020-07-30,0,4213
nation,Scotland,S92000003,2020-07-29,2,4213
nation,Scotland,S92000003,2020-07-28,4,4211
nation,Scotland,S92000003,2020-07-27,0,4207
nation,Scotland,S92000003,2020-07-26,1,4207
nation,Scotland,S92000003,2020-07-25,1,4206
nation,Scotland,S92000003,2020-07-24,1,4205
nation,Scotland,S92000003,2020-07-23,0,4204
nation,Scotland,S92000003,2020-07-22,0,4204
nation,Scotland,S92000003,2020-07-21,0,4204
nation,Scotland,S92000003,2020-07-20,1,4204
nation,Scotland,S92000003,2020-07-19,2,4203
nation,Scotland,S92000003,2020-07-18,2,4201
nation,Scotland,S92000003,2020-07-17,0,4199
nation,Scotland,S92000003,2020-07-16,0,4199
nation,Scotland,S92000003,2020-07-15,2,4199
nation,Scotland,S92000003,2020-07-14,3,4197
nation,Scotland,S92000003,2020-07-13,1,4194
nation,Scotland,S92000003,2020-07-12,0,4193
nation,Scotland,S92000003,2020-07-11,3,4193
nation,Scotland,S92000003,2020-07-10,0,4190
nation,Scotland,S92000003,2020-07-09,0,4190
nation,Scotland,S92000003,2020-07-08,1,4190
nation,Scotland,S92000003,2020-07-07,0,4189
nation,Scotland,S92000003,2020-07-06,3,4189
nation,Scotland,S92000003,2020-07-05,1,4186
nation,Scotland,S92000003,2020-07-04,3,4185
nation,Scotland,S92000003,2020-07-03,1,4182
nation,Scotland,S92000003,2020-07-02,1,4181
nation,Scotland,S92000003,2020-07-01,4,4180
nation,Scotland,S92000003,2020-06-30,2,4176
nation,Scotland,S92000003,2020-06-29,2,4174
nation,Scotland,S92000003,2020-06-28,1,4172
nation,Scotland,S92000003,2020-06-27,5,4171
nation,Scotland,S92000003,2020-06-26,3,4166
nation,Scotland,S92000003,2020-06-25,2,4163
nation,Scotland,S92000003,2020-06-24,3,4161
nation,Scotland,S92000003,2020-06-23,3,4158
nation,Scotland,S92000003,2020-06-22,6,4155
nation,Scotland,S92000003,2020-06-21,8,4149
nation,Scotland,S92000003,2020-06-20,7,4141
nation,Scotland,S92000003,2020-06-19,2,4134
nation,Scotland,S92000003,2020-06-18,9,4132
nation,Scotland,S92000003,2020-06-17,10,4123
nation,Scotland,S92000003,2020-06-16,8,4113
nation,Scotland,S92000003,2020-06-15,9,4105
nation,Scotland,S92000003,2020-06-14,7,4096
nation,Scotland,S92000003,2020-06-13,6,4089
nation,Scotland,S92000003,2020-06-12,4,4083
nation,Scotland,S92000003,2020-06-11,4,4079
nation,Scotland,S92000003,2020-06-10,12,4075
nation,Scotland,S92000003,2020-06-09,5,4063
nation,Scotland,S92000003,2020-06-08,9,4058
nation,Scotland,S92000003,2020-06-07,10,4049
nation,Scotland,S92000003,2020-06-06,8,4039
nation,Scotland,S92000003,2020-06-05,15,4031
nation,Scotland,S92000003,2020-06-04,5,4016
nation,Scotland,S92000003,2020-06-03,12,4011
nation,Scotland,S92000003,2020-06-02,14,3999
nation,Scotland,S92000003,2020-06-01,6,3985
nation,Scotland,S92000003,2020-05-31,11,3979
nation,Scotland,S92000003,2020-05-30,12,3968
nation,Scotland,S92000003,2020-05-29,19,3956
nation,Scotland,S92000003,2020-05-28,22,3937
nation,Scotland,S92000003,2020-05-27,23,3915
nation,Scotland,S92000003,2020-05-26,21,3892
nation,Scotland,S92000003,2020-05-25,22,3871
nation,Scotland,S92000003,2020-05-24,14,3849
nation,Scotland,S92000003,2020-05-23,15,3835
nation,Scotland,S92000003,2020-05-22,19,3820
nation,Scotland,S92000003,2020-05-21,34,3801
nation,Scotland,S92000003,2020-05-20,29,3767
nation,Scotland,S92000003,2020-05-19,31,3738
nation,Scotland,S92000003,2020-05-18,34,3707
nation,Scotland,S92000003,2020-05-17,34,3673
nation,Scotland,S92000003,2020-05-16,37,3639
nation,Scotland,S92000003,2020-05-15,34,3602
nation,Scotland,S92000003,2020-05-14,50,3568
nation,Scotland,S92000003,2020-05-13,53,3518
nation,Scotland,S92000003,2020-05-12,35,3465
nation,Scotland,S92000003,2020-05-11,45,3430
nation,Scotland,S92000003,2020-05-10,38,3385
nation,Scotland,S92000003,2020-05-09,50,3347
nation,Scotland,S92000003,2020-05-08,58,3297
nation,Scotland,S92000003,2020-05-07,61,3239
nation,Scotland,S92000003,2020-05-06,59,3178
nation,Scotland,S92000003,2020-05-05,67,3119
nation,Scotland,S92000003,2020-05-04,62,3052
nation,Scotland,S92000003,2020-05-03,60,2990
nation,Scotland,S92000003,2020-05-02,60,2930
nation,Scotland,S92000003,2020-05-01,67,2870
nation,Scotland,S92000003,2020-04-30,68,2803
nation,Scotland,S92000003,2020-04-29,69,2735
nation,Scotland,S92000003,2020-04-28,59,2666
nation,Scotland,S92000003,2020-04-27,85,2607
nation,Scotland,S92000003,2020-04-26,78,2522
nation,Scotland,S92000003,2020-04-25,79,2444
nation,Scotland,S92000003,2020-04-24,76,2365
nation,Scotland,S92000003,2020-04-23,72,2289
nation,Scotland,S92000003,2020-04-22,88,2217
nation,Scotland,S92000003,2020-04-21,96,2129
nation,Scotland,S92000003,2020-04-20,105,2033
nation,Scotland,S92000003,2020-04-19,90,1928
nation,Scotland,S92000003,2020-04-18,95,1838
nation,Scotland,S92000003,2020-04-17,84,1743
nation,Scotland,S92000003,2020-04-16,101,1659
nation,Scotland,S92000003,2020-04-15,94,1558
nation,Scotland,S92000003,2020-04-14,100,1464
nation,Scotland,S92000003,2020-04-13,81,1364
nation,Scotland,S92000003,2020-04-12,75,1283
nation,Scotland,S92000003,2020-04-11,94,1208
nation,Scotland,S92000003,2020-04-10,98,1114
nation,Scotland,S92000003,2020-04-09,108,1016
nation,Scotland,S92000003,2020-04-08,92,908
nation,Scotland,S92000003,2020-04-07,85,816
nation,Scotland,S92000003,2020-04-06,91,731
nation,Scotland,S92000003,2020-04-05,86,640
nation,Scotland,S92000003,2020-04-04,56,554
nation,Scotland,S92000003,2020-04-03,75,498
nation,Scotland,S92000003,2020-04-02,61,423
nation,Scotland,S92000003,2020-04-01,65,362
nation,Scotland,S92000003,2020-03-31,57,297
nation,Scotland,S92000003,2020-03-30,51,240
nation,Scotland,S92000003,2020-03-29,27,189
nation,Scotland,S92000003,2020-03-28,37,162
nation,Scotland,S92000003,2020-03-27,23,125
nation,Scotland,S92000003,2020-03-26,24,102
nation,Scotland,S92000003,2020-03-25,22,78
nation,Scotland,S92000003,2020-03-24,12,56
nation,Scotland,S92000003,2020-03-23,7,44
nation,Scotland,S92000003,2020-03-22,6,37
nation,Scotland,S92000003,2020-03-21,7,31
nation,Scotland,S92000003,2020-03-20,5,24
nation,Scotland,S92000003,2020-03-19,4,19
nation,Scotland,S92000003,2020-03-18,4,15
nation,Scotland,S92000003,2020-03-17,3,11
nation,Scotland,S92000003,2020-03-16,3,8
nation,Scotland,S92000003,2020-03-15,1,5
nation,Scotland,S92000003,2020-03-14,2,4
nation,Scotland,S92000003,2020-03-13,0,2
nation,Scotland,S92000003,2020-03-12,2,2
